org_unit,program,Record ID,Tracked Entity Attributes :: Neonate record ID,Tracked Entity Attributes :: Neonate First Name,Tracked Entity Attributes :: Neonate Last Name,Tracked Entity Attributes :: Neonate MRN,Tracked Entity Attributes :: Neonate sex,NICU Admission Careform :: Admission age,NICU Admission Careform :: Place of delivery,NICU Admission Careform :: Address of the mother Zone,NICU Admission Careform :: Address of the mother Wereda,NICU Admission Careform :: Address of the mother Kebele,NICU Admission Careform :: Date of delivery,NICU Admission Careform :: Time of birth,NICU Admission Careform :: Mothers Name,NICU Admission Careform :: Mother's Age,NICU Admission Careform :: Mothers occupation,NICU Admission Careform :: Mothers educational status,NICU Admission Careform :: Mothers religion n,NICU Admission Careform :: Referring health facility,NICU Admission Careform :: Maternal Status,NICU Admission Careform :: Para,NICU Admission Careform :: Number of stillbirths n,NICU Admission Careform :: Abortion(Spontaneous),NICU Admission Careform :: Abortion(Induced),NICU Admission Careform :: LNMP n,NICU Admission Careform :: Gestational age at delivery weeks,NICU Admission Careform :: Gestational age at delivery remaining days,NICU Admission Careform :: amenorrheic for how many months,NICU Admission Careform :: Duration of rapture of membrane,NICU Admission Careform :: GA by U/S,NICU Admission Careform :: ANC visit,NICU Admission Careform :: Place of ANC follow up,NICU Admission Careform :: Blood group and Rh n,NICU Admission Careform :: Mother HIV status n,NICU Admission Careform :: on HAART,NICU Admission Careform :: Infant given prophylaxis,NICU Admission Careform :: HBsAg n,NICU Admission Careform :: VDRL n,NICU Admission Careform :: Treatment,NICU Admission Careform :: TT Vaccine n,NICU Admission Careform :: number of tt doses,NICU Admission Careform :: Significant events during current or previous pregnancy,NICU Admission Careform :: Dysmorphysim,NICU Admission Careform :: Ballard score,NICU Admission Careform :: RR at admission,NICU Admission Careform :: HR at admission,NICU Admission Careform :: Temp at admission,NICU Admission Careform :: SpO2 at admission,NICU Admission Careform :: Blood sugar level at admission,NICU Admission Careform :: Downes Respiratory Rate,NICU Admission Careform :: Downes Retractions,NICU Admission Careform :: Downes Cyanosis,NICU Admission Careform :: Downes Air Entry,NICU Admission Careform :: Downes Grunting,NICU Admission Careform :: Total downes score,NICU Admission Careform :: Birth Weight n,NICU Admission Careform :: Birth weight category,NICU Admission Careform :: Weight at admission n,NICU Admission Careform :: Length n,NICU Admission Careform :: Head circumference n,NICU Admission Careform :: HEENT n,NICU Admission Careform :: LGS n,NICU Admission Careform :: CHEST n,NICU Admission Careform :: CVS adm n,NICU Admission Careform :: Abdomen n,NICU Admission Careform :: GENITALIA n,NICU Admission Careform :: INTEGUMENTARY SYSTEM n,NICU Admission Careform :: MUSCULOSKELETAL SYSTEM,NICU Admission Careform :: CENTRAL NERVOUS SYSTEM,NICU Admission Careform :: Asphyxia,NICU Admission Careform :: ASSESSMENT n,NICU Admission Careform :: Plan n,NICU Admission Careform :: Received delayed cord clamping,NICU Admission Careform :: Placed skin to skin at birth,NICU Admission Careform :: TTC eye ointment,NICU Admission Careform :: Vitamin K given birth,NICU Admission Careform :: Breastfeeding initiated within 1 hr of birth,NICU Admission Careform :: Cord Chlorhexidine Administered,"NICU Admission Careform :: If Resuscitated, tick what was done",NICU Admission Careform :: Reason for referral adm,NICU Admission Careform :: Transferred to NICU with,NICU Admission Careform :: Date of Admission n,NICU Admission Careform :: Time of Admission n,NICU Admission Careform :: Day/Night Local time,NICU Admission Careform :: Phone number n,NICU Admission Careform :: Maternal medication during pregnancy and labor,NICU Admission Careform :: Specify Other medication n,NICU Admission Careform :: Number of ANC visits n,NICU Admission Careform :: Dysmorphic feature,NICU Admission Careform :: General appearance,NICU Admission Careform :: Atm air or with O2,NICU Admission Careform :: Labor was,NICU Admission Careform :: lasted for,NICU Admission Careform :: Membrane ruptured,NICU Admission Careform :: hours prior to delivery,NICU Admission Careform :: Amniotic fluid was,NICU Admission Careform :: Mode of delivery n,NICU Admission Careform :: APGAR score 1st min,NICU Admission Careform :: APGAR score 5th min,NICU Admission Careform :: APGAR score 10th min,NICU Admission Careform :: if Unknown,NICU Admission Careform :: Admission age unit n,NICU Admission Careform :: Time of birth NLT or DLT n,NICU Admission Careform :: LNMP known n,NICU Admission Careform :: Other significant events during current or previous pregnancy,NICU Admission Careform :: Asphyxia stage,NICU Admission Careform :: APGAR score known,NICU Admission Careform :: Any abnormality from System Examination,Progress care form for Referral Hospitals :: Active DX,Progress care form for Referral Hospitals :: Resolved DX,Progress care form for Referral Hospitals :: Date progress,Progress care form for Referral Hospitals :: Time progress,Progress care form for Referral Hospitals :: Day of life / GA /cGA,Progress care form for Referral Hospitals :: Temperature ref prog,Progress care form for Referral Hospitals :: Site / Infiltration,"Progress care form for Referral Hospitals :: Skin Color (Jaundice, Pallor…)",Progress care form for Referral Hospitals :: Phototherapy value,Progress care form for Referral Hospitals :: Exchange value,Progress care form for Referral Hospitals :: Days on phototherapy,Progress care form for Referral Hospitals :: Pain score ref prog,Progress care form for Referral Hospitals :: Alertness Routine reflexes,Progress care form for Referral Hospitals :: Convulsion Apnea,Progress care form for Referral Hospitals :: CUS(Cranial U/S),Progress care form for Referral Hospitals :: HIE Score ref prog,Progress care form for Referral Hospitals :: RR ref prog,Progress care form for Referral Hospitals :: Down score,Progress care form for Referral Hospitals :: SpO2 ref prog,"Progress care form for Referral Hospitals :: CPAP, LFNC, IPPV, HFOV",Progress care form for Referral Hospitals :: Examination,Progress care form for Referral Hospitals :: HR ref prg,Progress care form for Referral Hospitals :: BP ref prog,Progress care form for Referral Hospitals :: Precordial exam,Progress care form for Referral Hospitals :: Hb /date Last BT/ Transfusion cut of point,Progress care form for Referral Hospitals :: Iron supplement,Progress care form for Referral Hospitals :: NPO/Open drainage,Progress care form for Referral Hospitals :: EBM/Formula/ Fortification Bolus/Continuous,Progress care form for Referral Hospitals :: NGT/OGT/cup/ Direct BF,Progress care form for Referral Hospitals :: Stool/color,Progress care form for Referral Hospitals :: Vomiting ref prog,Progress care form for Referral Hospitals :: Examination ref prog,Progress care form for Referral Hospitals :: Wt/Na/K/RFT,Progress care form for Referral Hospitals :: UOP ref prg,Progress care form for Referral Hospitals :: TFI/IV/Feeding,Progress care form for Referral Hospitals :: Type of Fluid,Progress care form for Referral Hospitals :: Last Culture date,Progress care form for Referral Hospitals :: Organism,Progress care form for Referral Hospitals :: Sensitivity,Progress care form for Referral Hospitals :: CRP,Progress care form for Referral Hospitals :: ANC,Progress care form for Referral Hospitals :: WBC ref prog,Progress care form for Referral Hospitals :: PLT,Progress care form for Referral Hospitals :: CSF,Progress care form for Referral Hospitals :: Antibiotics /Days,Progress care form for Referral Hospitals :: Others Medication,Progress care form for Referral Hospitals :: Diagnosis ref prog,Progress care form for Referral Hospitals :: Assessment ref prog,Progress care form for Referral Hospitals :: Treatment ref prog,Progress care form for Referral Hospitals :: Plan ref prog,Progress care form for Referral Hospitals :: Name and Signature ref prog,Nurse followup Sheet :: Date,Nurse followup Sheet :: Current weight,Nurse followup Sheet :: Time of check,Nurse followup Sheet :: IV line check,Nurse followup Sheet :: weight (Change),Nurse followup Sheet :: Changed weight,Nurse followup Sheet :: Temperature n,Nurse followup Sheet :: Heart Rate,Nurse followup Sheet :: Respiratory Rate,Nurse followup Sheet :: Downes’ Score,Nurse followup Sheet :: Pain score,Nurse followup Sheet :: Oxygen Saturation,Nurse followup Sheet :: Oxygen Source,Nurse followup Sheet :: Amount of oxygen (FiO2),Nurse followup Sheet :: Lab blood draw,Nurse followup Sheet :: Phototherapy n,Nurse followup Sheet :: Medications Given,Nurse followup Sheet :: Mode of feeding,Nurse followup Sheet :: Vomiting n,Nurse followup Sheet :: UOP,Nurse followup Sheet :: Stool n,Nurse followup Sheet :: RBS,Nurse followup Sheet :: Kmc done,Nurse followup Sheet :: Who is doing KMC(Mother/Surrogate),Nurse followup Sheet :: Hrs on KMC,Nurse followup Sheet :: Family Involvement,Nurse followup Sheet :: Blood culture,Nurse followup Sheet :: Organism n,Nurse followup Sheet :: Sensitivity n,Nurse followup Sheet :: Remarks,Nurse followup Sheet :: Nurse Initials& signature,KMC ward follow up sheet :: Weight (At admission to KMC ward),KMC ward follow up sheet :: Date & Time,KMC ward follow up sheet :: DLT or NLT kmc followup,KMC ward follow up sheet :: Temperature kmc f,KMC ward follow up sheet :: RR kmc f,KMC ward follow up sheet :: HR kmc f,KMC ward follow up sheet :: SPO2 kmc f,KMC ward follow up sheet :: Danger sign present,KMC ward follow up sheet :: Other danger sign,KMC ward follow up sheet :: Convulsion,KMC ward follow up sheet :: Floppy or stiff,KMC ward follow up sheet :: Fever ≥37.5,KMC ward follow up sheet :: Temperature < 36.5 or not raising after warming,KMC ward follow up sheet :: Umbilicus draining pus,KMC ward follow up sheet :: Bleeding from the stamp or cut,KMC ward follow up sheet :: Pallor,KMC ward follow up sheet :: Jaundice kmc f,KMC ward follow up sheet :: Feeding intolerance,KMC ward follow up sheet :: Type of feed,KMC ward follow up sheet :: Mode of feeding kmc,KMC ward follow up sheet :: Supplement kmc f,KMC ward follow up sheet :: Vomiting kmc f,KMC ward follow up sheet :: Abdominal Distension,KMC ward follow up sheet :: Stool kmc f,KMC ward follow up sheet :: Stool color,KMC ward follow up sheet :: Urine,KMC ward follow up sheet :: Number of wet diaper,KMC ward follow up sheet :: Hours on KMC/every 6hours,KMC ward follow up sheet :: Total KMC hours/day,KMC ward follow up sheet :: Weight kmc,KMC ward follow up sheet :: Gain in gm/kg/day,KMC ward follow up sheet :: Head circumference(Weekly),KMC ward follow up sheet :: Vaccination,KMC ward follow up sheet :: Family planning,KMC ward follow up sheet :: Assessment kmc,KMC ward follow up sheet :: Plan kmc,Medication sheet :: Bed No,Medication sheet :: Frequency n,Medication sheet :: Date n,Medication sheet :: Medication Given n,Medication sheet :: Time of Administration,Medication sheet :: Medication route n,Neonatal referral form :: Intra/Inter facility transfer,Neonatal referral form :: Transferred to,Neonatal referral form :: Name of Referring Facility,Neonatal referral form :: Date of referral,Neonatal referral form :: Labour n,Neonatal referral form :: Duration n,Neonatal referral form :: Duration of ROM,Neonatal referral form :: Delivery n,Neonatal referral form :: Indication n,Neonatal referral form :: Delayed Cord clamping done,Neonatal referral form :: APGAR score: 1st min,Neonatal referral form :: APGAR score: 5th min,Neonatal referral form :: APGAR score: 10th min,Neonatal referral form :: APGAR score: 20th min,Neonatal referral form :: Delivery attended by provider trained on HBB/ neonatal resuscitation,Neonatal referral form :: Baby dried thoroughly at birth,Neonatal referral form :: Baby placed in iKMC,Neonatal referral form :: Baby placed in plastic bag,Neonatal referral form :: Baby placed skin to skin at birth,Neonatal referral form :: Baby placed on CPAP,Neonatal referral form :: Meconium sucked from oropharynx,Neonatal referral form :: Neonatal resuscitation done,Neonatal referral form :: If done tick what was done,Neonatal referral form :: Epinephrine doses,Neonatal referral form :: Fluid administered,Neonatal referral form :: Duration of resuscitation,Neonatal referral form :: Bag and Mask,Neonatal referral form :: Chest compression,Neonatal referral form :: Vitamin K given,Neonatal referral form :: TTC Eye prophylaxis given,Neonatal referral form :: Chlorhexdine 4%,Neonatal referral form :: Feeding initiated,Neonatal referral form :: Other treatment given,Neonatal referral form :: Investigation result,Neonatal referral form :: Reason for NICU referral,Neonatal referral form :: Vital signs on referral Temp (c),Neonatal referral form :: Vital signs on referral HR,Neonatal referral form :: Vital signs on referral RR,Neonatal referral form :: Vital signs on referral Saturation,Neonatal referral form :: Name of clinician,Neonatal referral form :: Singleton-Multiple,Neonatal referral form :: Maternal MRN n,Neonatal referral form :: Maternal Age n,Neonatal referral form :: Para ref,Neonatal referral form :: Abortion (Induced) ref,Neonatal referral form :: Abortion (Spontaneous) ref,Neonatal referral form :: Stillbirth ref,Neonatal referral form :: Early Neonatal death ref,Neonatal referral form :: LNMP ref,Neonatal referral form :: Gestational age (weeks) ref,Neonatal referral form :: Gestational age (days) ref,Neonatal referral form :: Estimated by: Obstetric Ultrasound ref,Neonatal referral form :: LNMP uts ref,Neonatal referral form :: Fundal height ref,Neonatal referral form :: Ballard Score ref,Neonatal referral form :: ANC Visit ref,Neonatal referral form :: place of ANC follow up ref,"Neonatal referral form :: If yes, number of doses ref",Neonatal referral form :: Mother PICT ref,"Neonatal referral form :: If yes, on HAART ref",Neonatal referral form :: If yes Duration ref,Neonatal referral form :: ARV drugs ref,Neonatal referral form :: CD4/date ref,Neonatal referral form :: Infant prophylaxis started ref,Neonatal referral form :: HBsAg ref,Neonatal referral form :: Blood group done ref,Neonatal referral form :: RH ref,Neonatal referral form :: COOMB’S test ref,Neonatal referral form :: Anti D given ref,Neonatal referral form :: VDRL ref,Neonatal referral form :: VDRL Treatment ref,Neonatal referral form :: date completed ref,Neonatal referral form :: Pregnancy related maternal problem ref,Neonatal referral form :: TT vaccine ref,Discharge care form :: Date and time of discharge,Discharge care form :: Age at discharge,Discharge care form :: GA n,Discharge care form :: Corrected GA at discharges,Discharge care form :: Weight on discharge,Discharge care form :: HC on discharge,Discharge care form :: Length on discharge,Discharge care form :: List of diagnosis,Discharge care form :: Any significant maternal and birth history,Discharge care form :: Investigations done and result,Discharge care form :: Pertinent Physical examination finding at discharge,Discharge care form :: Advice given on discharge,Discharge care form :: Type of feeding on discharge,Discharge care form :: Vaccinations type given,Discharge care form :: Reason for follow up,Discharge care form :: Place of follow up,Discharge care form :: what was done to prevent death,Discharge care form :: Name of physician dis,Discharge care form :: PR n dis,Discharge care form :: RR n dis,Discharge care form :: Temp n dis,Discharge care form :: Sao2 n dis,Discharge care form :: Newborn status at discharge n,Discharge care form :: Discharge Outcome n,Discharge care form :: Final Discharge Diagnosis/Cause of Death,Discharge care form :: Sub-Categories of Congenital Malformations n,Discharge care form :: Sub-Categories of Infection n,Discharge care form :: Sub-Categories of Intrapartum-Related n,Discharge care form :: Sub-Categories of Jaundice (Pathological) n,Discharge care form :: Sub-Categories of Prematurity n,Discharge care form :: If Other Cause of Death or Final Diagnosis - Specify n,Discharge care form :: If other congenital cause/diagnosis - specify n,Discharge care form :: If other infection cause/diagnosis - specify n,Discharge care form :: If other intrapartum-related cause/diagnosis - specify n,Discharge care form :: If other prematurity cause/diagnosis - specify n,Discharge care form :: If infection - is it hospital-acquired n
AxRH,Neonatal Care Form/QYJKpoUeg9F,AxRH0000293276,AxRH0000293276,NATNAEL,GEBREMEDHIN,293276,M,,,,,,2026-05-23,,,,,,,,,,,,,,,,,,,,,,,,,,,,,,,,,,,,,,,,,,,,,,,,,,,,,,,,,,,,,,,,,,,,,,,,,,,,,,,,,,,,,,,,,,,,,,,,,,,,,,,,,,,,,,,,,,,,,,,,,,,,,,,,,,,,,,,,,,,,,,,,,,,,,,,,,,,,,,,,,,,,,,,,,,,,,,,,,,,,,,,,,,,,,,,,,,,,,,,,,,,,,,,,,,,,,,,,,,,,,,,,,,,,,,,,,,,,,,,,,,,,,,,,,,,,,,,,,,,,,,,,,,,,,,,,,,,,,,,,,,,,,,,,,,,,,,,,,,,,,,,,,,,,,,,,,,,,,,,,,,,,,,,,,,
AxRH,Neonatal Care Form/QYJKpoUeg9F,AxRH0000293252,AxRH0000293252,Filimone,Aberha,293252,M,,,,,,2026-05-22,,,,,,,,,,,,,,,,,,,,,,,,,,,,,,,,,,,,,,,,,,,,,,,,,,,,,,,,,,,,,,,,,,,,,,,,,,,,,,,,,,,,,,,,,,,,,,,,,,,,,,,,,,,,,,,,,,,,,,,,,,,,,,,,,,,,,,,,,,,,,,,,,,,,,,,,,,,,,,,,,,,,,,,,,,,,,,,,,,,,,,,,,,,,,,,,,,,,,,,,,,,,,,,,,,,,,,,,,,,,,,,,,,,,,,,,,,,,,,,,,,,,,,,,,,,,,,,,,,,,,,,,,,,,,,,,,,,,,,,,,,,,,,,,,,,,,,,,,,,,,,,,,,,,,,,,,,,,,,,,,,,,,,,,,,
AxRH,Neonatal Care Form/QYJKpoUeg9F,AxRH0000293254,AxRH0000293254,Mehari,MEKONEN,293254,M,,,,,,2026-05-22,,,,,,,,,,,,,,,,,,,,,,,,,,,,,,,,,,,,,,,,,,,,,,,,,,,,,,,,,,,,,,,,,,,,,,,,,,,,,,,,,,,,,,,,,,,,,,,,,,,,,,,,,,,,,,,,,,,,,,,,,,,,,,,,,,,,,,,,,,,,,,,,,,,,,,,,,,,,,,,,,,,,,,,,,,,,,,,,,,,,,,,,,,,,,,,,,,,,,,,,,,,,,,,,,,,,,,,,,,,02:37,,,,,,,,,,,,,,,,,,,,,,,,,,,,,,,,,,,,,,,,,,,,,,,,,,,,,,,,,,,,,,,,,,,,,,,,,,,,,,,,,,,,,,,,,,,,,,,,,,,,,,,,,,,,,,,
AxRH,Neonatal Care Form/QYJKpoUeg9F,AxRH0000293245,AxRH0000293245,TestIMNID,TestIMNID,293245,M,4,Inborn,aaa,ssss,dddd,2026-05-20,11:11,ffff,44,Farmer,Unable to read and write,Orthodox,edsad,Alive,3,0,0,0,2026-05-23,38,3,2,2,39,Yes,Primary Hospital,B+,Negative,No,Yes,+ve,-ve,asf,Yes,3,APH;Others (specify);PROM;Amniotic fluid abnormalities,Yes,5,33,33,33,44,55,55,11,11,11,11,55,5555,LGA,50000,5,5,fbgkd,dkbfk,ghjk,bchvjbkj,jk,ggg,gg,gg,gg,Yes,gh,nkfdb,Yes,No,Unknown,No,Yes,No,Bag mask ventilation,gfh,Intranasal low flow O2,May 22; 2026 12:21:00 AM EAT,12:21,DLT,914470000,Dexamethasone;Antibiotic;Betamethasone;Magnesium Sulphate,asfa,3,dsf,Acutely Sick Looking,Atm air,Spontaneous,4,spontaneously,2,Clear,Caesarean Section,5,5,5,not cried immediately,Hours,NLT,Yes,asfsf,Stage 1,Yes,GENITALIA,pna,pna,2026-05-22,4,4,37,2,sada,2,3,3,0,asdad,Yes,Yes,3,1,1,0,Yes,QWE,75,120,34,WDEWQ,Yes,Yes,QWE,QWE,QWE,No,QWE,W,E,ASD,ASD,2026-05-22,WQ,no,QWE,5,444,44,DASDS,ASD,ttc,pna,treatment,antibiotic,ASDAS,ASD,2026-05-22,2356,3,Yes,No,2356,37,72,1,0,1,97,CPAP,32,Yes,Yes,Yes,direct,No,Pass,not pass,33,No,asfasd,3,No,No,no,no,asf,sen,2300,May 22; 2026 9:03:00 PM EATT09:03:00,DLT,36,77,32,90,,asfads,No,Floppy,Yes,Yes,No,No,Yes,No,Yes,EBM+ Fortification,NG tube,,No,Yes,Not pass,adf,Not pass,3,3,2,2300,2,20,Yes,Yes,pna,treatment,12,TID,May 22; 2026 8:14:00 PM EAT,ampcline,,PO,Inter facility transfer,health center,errr,2026-05-22,Spontaneous,3,3,SVD,no,Yes,4,4,4,4,Yes,Yes,Yes,Yes,Yes,Yes,Yes,Yes,Intubation,5,sdf,3,Yes,sdgsdg,Yes,Yes,Yes,Yes,sdfgsf,bbb,further,37,37,71,89,teddy,Singleton,345678,22,3,1,1,-1,0,2026-05-22,42,4,Yes,Yes,Yes,Yes,Yes,DAFSG,3,Negative,No,4,DGS,2026-05-22,Yes,Positive,Yes,Negative,Negative,Yes,Negative,asf,2026-05-22,asfds,Yes,2026-05-22T2026-05-22:00,7,5,5,2389,3,10,PNA,safaf,afd,asf,asd,asd,sad,asd,asd,asd,asd,72,78,36,94,Alive,Discharged Alive,Congenital Malformations,Congenital Heart Defects,Probable Sepsis,Neonatal Hypoxic Ischemic Encephalopathy,Requiring Phototherapy,Respiratory Distress Syndrome (of Prematurity),asd,adsdsa,ads,asd,sda,Yes
AxRH,Neonatal Care Form/QYJKpoUeg9F,AxRH0000293129,AxRH0000293129,Nikedimos,Gebru,293129,M,,,,,,2026-05-21,,,,,,,,,,,,,,,,,,,,,,,,,,,,,,,,,,,,,,,,,,,,,,,,,,,,,,,,,,,,,,,,,,,,,,,,,,,,,,,,,,,,,,,,,,,,,,,,,,,,,,,,,,,,,,,,,,,,,,,,,,,,,,,,,,,,,,,,,,,,,,,,,,,,,,,,,,,,,,,,,,,,,,,,,,,,,,,,,,,,,,,,,,,,,,,,,,,,,,,,,,,,,,,,,,,,,,,,,,,,,,,,,,,,,,,,,,,,,,,,,,,,,,,,,,,,,,,,,,,,,,,,,,,,,,,,,,,,,,,,,,,,,,,,,,,,,,,,,,,,,,,,,,,,,,,,,,,,,,,,,,,,,,,,,,
AxRH,Neonatal Care Form/QYJKpoUeg9F,AxRH0000293185,AxRH0000293185,Yared,Abrhaley,293185,M,,,,,,2026-05-20,,,,,,,,,,,,,,,,,,,,,,,,,,,,,,,,,,,,,,,,,,,,,,,,,,,,,,,,,,,,,,,,,,,,,,,,,,,,,,,,,,,,,,,,,,,,,,,,,,,,,,,,,,,,,,,,,,,,,,,,,,,,,,,,,,,,,,,,,,,,,,,,,,,,,,,,,,,,,,,,,,,,,,,,,,,,,,,,,,,,,,,,,,,,,,,,,,,,,,,,,,,,,,,,,,,,,,,,,,,04:41,,,,,,,,,,,,,,,,,,,,,,,,,,,,,,,,,,,,,,,,,,,,,,,,,,,,,,,,,,,,,,,,,,,,,,,,,,,,,,,,,,,,,,,,,,,,,,,,,,,,,,,,,,,,,,,
AxRH,Neonatal Care Form/QYJKpoUeg9F,AxRH0000293139,AxRH0000293139,aregawi,TEFERA,293139,M,,,,,,2007-05-21,,,,,,,,,,,,,,,,,,,,,,,,,,,,,,,,,,,,,,,,,,,,,,,,,,,,,,,,,,,,,,,,,,,,,,,,,,,,,,,,,,,,,,,,,,,,,,,,,,,,,,,,,,,,,,,,,,,,,,,,,,,,,,,,,,,,,,,,,,,,,,,,,,,,,,,,,,,,,,,,,,,,,,,,,,,,,,,,,,,,,,,,,,,,,,,,,,,,,,,,,,,,,,,,,,,,,,,,,,,06:35,,,,,,,,,,,,,,,,,,,,,,,,,,,,,,,,,,,,,,,,,,,,,,,,,,,,,,,,,,,,,,,,,,,,,,,,,,,,,,,,,,,,,,,,,,,,,,,,,,,,,,,,,,,,,,,
AxRH,Neonatal Care Form/QYJKpoUeg9F,AxRH0000238930,AxRH0000238930,TestK,TestK,238930,M,,,,,,1979-09-19,,,,,,,,,,,,,,,,,,,,,,,,,,,,,,,,,,,,,,,,,,,,,,,,,,,,,,,,,,,,,,,,,,,,,,,,,,,,,,,,,,,,,,,,,,,,,,,,,,,,,,,,,,,,,,,,,,,,,,,,,,,,,,,,,,,,,,,,,,,,,,,,,,,,,,,,,,,,,,,,,,,,,,,,,,,,,,,,,,,,,,,,,,,,,,,,,,,,,,,,,,,,,,,,,,,,,,,,,,,,,,,,,,,,,,,,,,,,,,,,,,,,,,,,,,,,,,,,,,,,,,,,,,,,,,,,,,,,,,,,,,,,,,,,,,,,,,,,,,,,,,,,,,,,,,,,,,,,,,,,,,,,,,,,,,
AxRH,Neonatal Care Form/QYJKpoUeg9F,AxRH0000292409,AxRH0000292409,HILINA,ABRAHA,292409,F,,,,,,2026-05-11,,,,,,,,,,,,,,,,,,,,,,,,,,,,,,,,,,,,,,,,,,,,,,,,,,,,,,,,,,,,,,,,,,,,,,,,,,,,,,,,,,,,,,,,,,,,,,,,,,,,,,,,,,,,,,,,,,,,,,,,,,,,,,,,,,,,,,,,,,,,,,,,,,,,,,,,,,,,,,,,,,,,,,,,,,,,,,,,,,,,,,,,,,,,,,,,,,,,,,,,,,,,,,,,,,,,,,,,,,,,,,,,,,,,,,,,,,,,,,,,,,,,,,,,,,,,,,,,,,,,,,,,,,,,,,,,,,,,,,,,,,,,,,,,,,,,,,,,,,,,,,,,,,,,,,,,,,,,,,,,,,,,,,,,,,
AxRH,Neonatal Care Form/QYJKpoUeg9F,AxRH0000292776,AxRH0000292776,kbreab,debeb,292776,M,,,,,,2026-05-16,,,,,,,,,,,,,,,,,,,,,,,,,,,,,,,,,,,,,,,,,,,,,,,,,,,,,,,,,,,,,,,,,,,,,,,,,,,,,,,,,,,,,,,,,,,,,,,,,,,,,,,,,,,,,,,,,,,,,,,,,,,,,,,,,,,,,,,,,,,,,,,,,,,,,,,,,,,,,,,,,,,,,,,,,,,,,,,,,,,,,,,,,,,,,,,,,,,,,,,,,,,,,,,,,,,,,,,,,,,,,,,,,,,,,,,,,,,,,,,,,,,,,,,,,,,,,,,,,,,,,,,,,,,,,,,,,,,,,,,,,,,,,,,,,,,,,,,,,,,,,,,,,,,,,,,,,,,,,,,,,,,,,,,,,,
AxRH,Neonatal Care Form/QYJKpoUeg9F,AxRH0000292434,AxRH0000292434,tesfaalem,lema,292434,M,,,,,,2026-05-10,,,,,,,,,,,,,,,,,,,,,,,,,,,,,,,,,,,,,,,,,,,,,,,,,,,,,,,,,,,,,,,,,,,,,,,,,,,,,,,,,,,,,,,,,,,,,,,,,,,,,,,,,,,,,,,,,,,,,,,,,,,,,,,,,,,,,,,,,,,,,,,,,,,,,,,,,,,,,,,,,,,,,,,,,,,,,,,,,,,,,,,,,,,,,,,,,,,,,,,,,,,,,,,,,,,,,,,,,,,,,,,,,,,,,,,,,,,,,,,,,,,,,,,,,,,,,,,,,,,,,,,,,,,,,,,,,,,,,,,,,,,,,,,,,,,,,,,,,,,,,,,,,,,,,,,,,,,,,,,,,,,,,,,,,,
AxRH,Neonatal Care Form/QYJKpoUeg9F,AxRH0000291516,AxRH0000291516,Friate,Negash,291516,M,,,,,,2026-04-27,,,,,,,,,,,,,,,,,,,,,,,,,,,,,,,,,,,,,,,,,,,,,,,,,,,,,,,,,,,,,,,,,,,,,,,,,,,,,,,,,,,,,,,,,,,,,,,,,,,,,,,,,,,,,,,,,,,,,,,,,,,,,,,,,,,,,,,,,,,,,,,,,,,,,,,,,,,,,,,,,,,,,,,,,,,,,,,,,,,,,,,,,,,,,,,,,,,,,,,,,,,,,,,,,,,,,,,,,,,02:25,,,,,,,,,,,,,,,,,,,,,,,,,,,,,,,,,,,,,,,,,,,,,,,,,,,,,,,,,,,,,,,,,,,,,,,,,,,,,,,,,,,,,,,,,,,,,,,,,,,,,,,,,,,,,,,
AxRH,Neonatal Care Form/QYJKpoUeg9F,AxRH0000292778,AxRH0000292778,Abanu,Birhane,292778,M,,,,,,2026-05-16,,,,,,,,,,,,,,,,,,,,,,,,,,,,,,,,,,,,,,,,,,,,,,,,,,,,,,,,,,,,,,,,,,,,,,,,,,,,,,,,,,,,,,,,,,,,,,,,,,,,,,,,,,,,,,,,,,,,,,,,,,,,,,,,,,,,,,,,,,,,,,,,,,,,,,,,,,,,,,,,,,,,,,,,,,,,,,,,,,,,,,,,,,,,,,,,,,,,,,,,,,,,,,,,,,,,,,,,,,,04:49,,,,,,,,,,,,,,,,,,,,,,,,,,,,,,,,,,,,,,,,,,,,,,,,,,,,,,,,,,,,,,,,,,,,,,,,,,,,,,,,,,,,,,,,,,,,,,,,,,,,,,,,,,,,,,,
AxRH,Neonatal Care Form/QYJKpoUeg9F,AxRH0000268258,AxRH0000268258,alemtsehay,abrha,268258,F,,,,,,1997-07-15,,,,,,,,,,,,,,,,,,,,,,,,,,,,,,,,,,,,,,,,,,,,,,,,,,,,,,,,,,,,,,,,,,,,,,,,,,,,,,,,,,,,,,,,,,,,,,,,,,,,,,,,,,,,,,,,,,,,,,,,,,,,,,,,,,,,,,,,,,,,,,,,,,,,,,,,,,,,,,,,,,,,,,,,,,,,,,,,,,,,,,,,,,,,,,,,,,,,,,,,,,,,,,,,,,,,,,,,,,,06:43,,,,,,,,,,,,,,,,,,,,,,,,,,,,,,,,,,,,,,,,,,,,,,,,,,,,,,,,,,,,,,,,,,,,,,,,,,,,,,,,,,,,,,,,,,,,,,,,,,,,,,,,,,,,,,,
AxRH,Neonatal Care Form/QYJKpoUeg9F,AxRH0000292737,AxRH0000292737,merhawi,negasi,292737,M,,,,,,2026-05-14,,,,,,,,,,,,,,,,,,,,,,,,,,,,,,,,,,,,,,,,,,,,,,,,,,,,,,,,,,,,,,,,,,,,,,,,,,,,,,,,,,,,,,,,,,,,,,,,,,,,,,,,,,,,,,,,,,,,,,,,,,,,,,,,,,,,,,,,,,,,,,,,,,,,,,,,,,,,,,,,,,,,,,,,,,,,,,,,,,,,,,,,,,,,,,,,,,,,,,,,,,,,,,,,,,,,,,,,,,,04:41,,,,,,,,,,,,,,,,,,,,,,,,,,,,,,,,,,,,,,,,,,,,,,,,,,,,,,,,,,,,,,,,,,,,,,,,,,,,,,,,,,,,,,,,,,,,,,,,,,,,,,,,,,,,,,,
AxRH,Neonatal Care Form/QYJKpoUeg9F,AxRH0000292777,AxRH0000292777,LIKANOS,DEBEB,292777,M,,,,,,2026-05-16,,,,,,,,,,,,,,,,,,,,,,,,,,,,,,,,,,,,,,,,,,,,,,,,,,,,,,,,,,,,,,,,,,,,,,,,,,,,,,,,,,,,,,,,,,,,,,,,,,,,,,,,,,,,,,,,,,,,,,,,,,,,,,,,,,,,,,,,,,,,,,,,,,,,,,,,,,,,,,,,,,,,,,,,,,,,,,,,,,,,,,,,,,,,,,,,,,,,,,,,,,,,,,,,,,,,,,,,,,,,,,,,,,,,,,,,,,,,,,,,,,,,,,,,,,,,,,,,,,,,,,,,,,,,,,,,,,,,,,,,,,,,,,,,,,,,,,,,,,,,,,,,,,,,,,,,,,,,,,,,,,,,,,,,,,
AxRH,Neonatal Care Form/QYJKpoUeg9F,AxRH0000292701,AxRH0000292701,merhawi,NEGASI,292701,M,,,,,,2026-05-14,,,,,,,,,,,,,,,,,,,,,,,,,,,,,,,,,,,,,,,,,,,,,,,,,,,,,,,,,,,,,,,,,,,,,,,,,,,,,,,,,,,,,,,,,,,,,,,,,,,,,,,,,,,,,,,,,,,,,,,,,,,,,,,,,,,,,,,,,,,,,,,,,,,,,,,,,,,,,,,,,,,,,,,,,,,,,,,,,,,,,,,,,,,,,,,,,,,,,,,,,,,,,,,,,,,,,,,,,,,,,,,,,,,,,,,,,,,,,,,,,,,,,,,,,,,,,,,,,,,,,,,,,,,,,,,,,,,,,,,,,,,,,,,,,,,,,,,,,,,,,,,,,,,,,,,,,,,,,,,,,,,,,,,,,,
AxRH,Neonatal Care Form/QYJKpoUeg9F,AxRH0000291515,AxRH0000291515,Hiyab,Negash,291515,F,,,,,,2026-04-27,,,,,,,,,,,,,,,,,,,,,,,,,,,,,,,,,,,,,,,,,,,,,,,,,,,,,,,,,,,,,,,,,,,,,,,,,,,,,,,,,,,,,,,,,,,,,,,,,,,,,,,,,,,,,,,,,,,,,,,,,,,,,,,,,,,,,,,,,,,,,,,,,,,,,,,,,,,,,,,,,,,,,,,,,,,,,,,,,,,,,,,,,,,,,,,,,,,,,,,,,,,,,,,,,,,,,,,,,,,,,,,,,,,,,,,,,,,,,,,,,,,,,,,,,,,,,,,,,,,,,,,,,,,,,,,,,,,,,,,,,,,,,,,,,,,,,,,,,,,,,,,,,,,,,,,,,,,,,,,,,,,,,,,,,,
