program,target_header,stage_name,data_element_name,source_value,dhis2_value,transform,notes,org_unit,source_concept_name,source_concept_uuid
Neonatal Care Form,Discharge care form :: Final Discharge Diagnosis/Cause of Death,Discharge care form,Final Discharge Diagnosis/Cause of Death,Congenital Malformations,Congenital Malformations,,,,Final Discharge Diagnosis/Cause of Death,bb6b928f-286e-4fdf-94c1-5fdaf92275d6
Neonatal Care Form,Discharge care form :: Final Discharge Diagnosis/Cause of Death,Discharge care form,Final Discharge Diagnosis/Cause of Death,Prematurity,Prematurity,,,,Final Discharge Diagnosis/Cause of Death,bb6b928f-286e-4fdf-94c1-5fdaf92275d6
Neonatal Care Form,Discharge care form :: Final Discharge Diagnosis/Cause of Death,Discharge care form,Final Discharge Diagnosis/Cause of Death,Infection,Infection,,,,Final Discharge Diagnosis/Cause of Death,bb6b928f-286e-4fdf-94c1-5fdaf92275d6
Neonatal Care Form,Discharge care form :: Final Discharge Diagnosis/Cause of Death,Discharge care form,Final Discharge Diagnosis/Cause of Death,Intrapartum-related,Intrapartum-related,,,,Final Discharge Diagnosis/Cause of Death,bb6b928f-286e-4fdf-94c1-5fdaf92275d6
Neonatal Care Form,Discharge care form :: Final Discharge Diagnosis/Cause of Death,Discharge care form,Final Discharge Diagnosis/Cause of Death,Jaundice (Pathological),Jaundice (Pathological),,,,Final Discharge Diagnosis/Cause of Death,bb6b928f-286e-4fdf-94c1-5fdaf92275d6
Neonatal Care Form,Discharge care form :: Final Discharge Diagnosis/Cause of Death,Discharge care form,Final Discharge Diagnosis/Cause of Death,Other (None of Above),Other (None of Above),,,,Final Discharge Diagnosis/Cause of Death,bb6b928f-286e-4fdf-94c1-5fdaf92275d6
Neonatal Care Form,Discharge care form :: Final Discharge Diagnosis/Cause of Death,Discharge care form,Final Discharge Diagnosis/Cause of Death,Primary Cause/Final Diagnosis Not Recorded (No Details To Enable Death Certification),Primary Cause/Final Diagnosis Not Recorded (No Details To Enable Death Certification),,,,Final Discharge Diagnosis/Cause of Death,bb6b928f-286e-4fdf-94c1-5fdaf92275d6
Neonatal Care Form,Discharge care form :: Final Discharge Diagnosis/Cause of Death,Discharge care form,Final Discharge Diagnosis/Cause of Death,Not read,Not Readable,,,,Final Discharge Diagnosis/Cause of Death,bb6b928f-286e-4fdf-94c1-5fdaf92275d6
Neonatal Care Form,Discharge care form :: Newborn status at discharge n,Discharge care form,Newborn status at discharge n,Dead,Dead,,,,Newborn status at discharge,1b7f8c5d-2842-4516-8b1b-1f5bb2add733
Neonatal Care Form,Discharge care form :: Newborn status at discharge n,Discharge care form,Newborn status at discharge n,Alive,Alive,,,,Newborn status at discharge,1b7f8c5d-2842-4516-8b1b-1f5bb2add733
Neonatal Care Form,Discharge care form :: Sub-Categories of Congenital Malformations n,Discharge care form,Sub-Categories of Congenital Malformations n,Congenital Heart Defects,Congenital Heart Defects,,,,Sub-Categories of Congenital Malformations,1203b5e9-96dd-41f8-929f-ea578ffcc896
Neonatal Care Form,Discharge care form :: Sub-Categories of Congenital Malformations n,Discharge care form,Sub-Categories of Congenital Malformations n,Chromosomal Disorders,Chromosomal Disorders,,,,Sub-Categories of Congenital Malformations,1203b5e9-96dd-41f8-929f-ea578ffcc896
Neonatal Care Form,Discharge care form :: Sub-Categories of Congenital Malformations n,Discharge care form,Sub-Categories of Congenital Malformations n,Abdominal Defects,Abdominal Defects,,,,Sub-Categories of Congenital Malformations,1203b5e9-96dd-41f8-929f-ea578ffcc896
Neonatal Care Form,Discharge care form :: Sub-Categories of Congenital Malformations n,Discharge care form,Sub-Categories of Congenital Malformations n,Neural Tube Defects,Neural Tube Defects,,,,Sub-Categories of Congenital Malformations,1203b5e9-96dd-41f8-929f-ea578ffcc896
Neonatal Care Form,Discharge care form :: Sub-Categories of Congenital Malformations n,Discharge care form,Sub-Categories of Congenital Malformations n,Orofacial Cleft,Orofacial Cleft,,,,Sub-Categories of Congenital Malformations,1203b5e9-96dd-41f8-929f-ea578ffcc896
Neonatal Care Form,Discharge care form :: Sub-Categories of Congenital Malformations n,Discharge care form,Sub-Categories of Congenital Malformations n,Talipes/Club Foot,Talipes/Club Foot,,,,Sub-Categories of Congenital Malformations,1203b5e9-96dd-41f8-929f-ea578ffcc896
Neonatal Care Form,Discharge care form :: Sub-Categories of Congenital Malformations n,Discharge care form,Sub-Categories of Congenital Malformations n,Other Congential,Other Congential,,,,Sub-Categories of Congenital Malformations,1203b5e9-96dd-41f8-929f-ea578ffcc896
Neonatal Care Form,Discharge care form :: Sub-Categories of Congenital Malformations n,Discharge care form,Sub-Categories of Congenital Malformations n,Congenital Cause But Not Able to Specify,Congenital Cause But Not Able to Specify,,,,Sub-Categories of Congenital Malformations,1203b5e9-96dd-41f8-929f-ea578ffcc896
Neonatal Care Form,Discharge care form :: Sub-Categories of Infection n,Discharge care form,Sub-Categories of Infection n,Probable Sepsis,Probable Sepsis,,,,Sub-Categories of Infection n,d0a1e3cf-335a-4f1b-ab4e-3a3d014998a3
Neonatal Care Form,Discharge care form :: Sub-Categories of Infection n,Discharge care form,Sub-Categories of Infection n,Culture-Positive Sepsis,Culture-Positive Sepsis,,,,Sub-Categories of Infection n,d0a1e3cf-335a-4f1b-ab4e-3a3d014998a3
Neonatal Care Form,Discharge care form :: Sub-Categories of Infection n,Discharge care form,Sub-Categories of Infection n,Probable Meningitis,Probable Meningitis,,,,Sub-Categories of Infection n,d0a1e3cf-335a-4f1b-ab4e-3a3d014998a3
Neonatal Care Form,Discharge care form :: Sub-Categories of Infection n,Discharge care form,Sub-Categories of Infection n,Culture-Positive Meningitis,Culture-Positive Meningitis,,,,Sub-Categories of Infection n,d0a1e3cf-335a-4f1b-ab4e-3a3d014998a3
Neonatal Care Form,Discharge care form :: Sub-Categories of Infection n,Discharge care form,Sub-Categories of Infection n,Pneumonia,Pneumonia,,,,Sub-Categories of Infection n,d0a1e3cf-335a-4f1b-ab4e-3a3d014998a3
Neonatal Care Form,Discharge care form :: Sub-Categories of Infection n,Discharge care form,Sub-Categories of Infection n,Tetanus,Tetanus,,,,Sub-Categories of Infection n,d0a1e3cf-335a-4f1b-ab4e-3a3d014998a3
Neonatal Care Form,Discharge care form :: Sub-Categories of Infection n,Discharge care form,Sub-Categories of Infection n,SARS-CoV-2 (COVID-19),SARS-CoV-2 (COVID-19),,,,Sub-Categories of Infection n,d0a1e3cf-335a-4f1b-ab4e-3a3d014998a3
Neonatal Care Form,Discharge care form :: Sub-Categories of Infection n,Discharge care form,Sub-Categories of Infection n,Other Infection,Other Infection,,,,Sub-Categories of Infection n,d0a1e3cf-335a-4f1b-ab4e-3a3d014998a3
Neonatal Care Form,Discharge care form :: Sub-Categories of Infection n,Discharge care form,Sub-Categories of Infection n,Infection Cause But Not Able to Specify,Infection Cause But Not Able to Specify,,,,Sub-Categories of Infection n,d0a1e3cf-335a-4f1b-ab4e-3a3d014998a3
Neonatal Care Form,Discharge care form :: Sub-Categories of Intrapartum-Related n,Discharge care form,Sub-Categories of Intrapartum-Related n,Neonatal Hypoxic Ischemic Encephalopathy,Neonatal Hypoxic Ischemic Encephalopathy,,,,Sub-Categories of Intrapartum-Related n,1a8f3098-e018-45f1-899c-6b207441c197
Neonatal Care Form,Discharge care form :: Sub-Categories of Intrapartum-Related n,Discharge care form,Sub-Categories of Intrapartum-Related n,Meconium Aspiration,Meconium Aspiration,,,,Sub-Categories of Intrapartum-Related n,1a8f3098-e018-45f1-899c-6b207441c197
Neonatal Care Form,Discharge care form :: Sub-Categories of Intrapartum-Related n,Discharge care form,Sub-Categories of Intrapartum-Related n,Birth Injury (Intrapartum-related),Birth Injury (Intrapartum-related),,,,Sub-Categories of Intrapartum-Related n,1a8f3098-e018-45f1-899c-6b207441c197
Neonatal Care Form,Discharge care form :: Sub-Categories of Intrapartum-Related n,Discharge care form,Sub-Categories of Intrapartum-Related n,Other Intrapartum-Related,Other Intrapartum-Related,,,,Sub-Categories of Intrapartum-Related n,1a8f3098-e018-45f1-899c-6b207441c197
Neonatal Care Form,Discharge care form :: Sub-Categories of Intrapartum-Related n,Discharge care form,Sub-Categories of Intrapartum-Related n,Intrapartum-Related Cause But Not Able to Specify,Intrapartum-Related Cause But Not Able to Specify,,,,Sub-Categories of Intrapartum-Related n,1a8f3098-e018-45f1-899c-6b207441c197
Neonatal Care Form,Discharge care form :: Sub-Categories of Jaundice (Pathological) n,Discharge care form,Sub-Categories of Jaundice (Pathological) n,Requiring Phototherapy,Requiring Phototherapy,,,,Sub-Categories of Jaundice (Pathological) n,92943c92-3dfa-451c-8bff-2c137e7c0fac
Neonatal Care Form,Discharge care form :: Sub-Categories of Jaundice (Pathological) n,Discharge care form,Sub-Categories of Jaundice (Pathological) n,Requiring Exchange Transfusion,Requiring Exchange Transfusion,,,,Sub-Categories of Jaundice (Pathological) n,92943c92-3dfa-451c-8bff-2c137e7c0fac
Neonatal Care Form,Discharge care form :: Sub-Categories of Prematurity n,Discharge care form,Sub-Categories of Prematurity n,Respiratory Distress Syndrome (of Prematurity),Respiratory Distress Syndrome (of Prematurity),,,,Sub-Categories of Prematurity n,74a4e2b1-b643-4bde-a294-cd192e8c6512
Neonatal Care Form,Discharge care form :: Sub-Categories of Prematurity n,Discharge care form,Sub-Categories of Prematurity n,Intraventricular Haemorrhage,Intraventricular Haemorrhage,,,,Sub-Categories of Prematurity n,74a4e2b1-b643-4bde-a294-cd192e8c6512
Neonatal Care Form,Discharge care form :: Sub-Categories of Prematurity n,Discharge care form,Sub-Categories of Prematurity n,Necrotizing Enterocolitis,Necrotizing Enterocolitis,,,,Sub-Categories of Prematurity n,74a4e2b1-b643-4bde-a294-cd192e8c6512
Neonatal Care Form,Discharge care form :: Sub-Categories of Prematurity n,Discharge care form,Sub-Categories of Prematurity n,Other Prematurity,Other Prematurity,,,,Sub-Categories of Prematurity n,74a4e2b1-b643-4bde-a294-cd192e8c6512
Neonatal Care Form,Discharge care form :: Sub-Categories of Prematurity n,Discharge care form,Sub-Categories of Prematurity n,Prematurity Cause But Not Able to Specify,Prematurity Cause But Not Able to Specify,,,,Sub-Categories of Prematurity n,74a4e2b1-b643-4bde-a294-cd192e8c6512
Neonatal Care Form,KMC ward follow up sheet :: Bleeding from the stamp or cut,KMC ward follow up sheet,Bleeding from the stamp or cut,True,Yes,,,,Bleeding from the stamp or cut,fcf59d6b-441e-4818-b6a3-ac3c7b8e3c76
Neonatal Care Form,KMC ward follow up sheet :: Bleeding from the stamp or cut,KMC ward follow up sheet,Bleeding from the stamp or cut,False,No,,,,Bleeding from the stamp or cut,fcf59d6b-441e-4818-b6a3-ac3c7b8e3c76
Neonatal Care Form,KMC ward follow up sheet :: Danger sign present,KMC ward follow up sheet,Danger sign present,Fast breathing ( >=60 breath per minute),Fast breathing (≥60 breath per minute),,,,Danger sign present,33179cc3-324a-48e0-8f2c-5e640779ad64
Neonatal Care Form,KMC ward follow up sheet :: Danger sign present,KMC ward follow up sheet,Danger sign present,Slow breathing ( <=30 breath per minute),Slow breathing (≤ 30 breath per minute),,,,Danger sign present,33179cc3-324a-48e0-8f2c-5e640779ad64
Neonatal Care Form,KMC ward follow up sheet :: Danger sign present,KMC ward follow up sheet,Danger sign present,Severe chest indrawing,Severe chest indrawing,,,,Danger sign present,33179cc3-324a-48e0-8f2c-5e640779ad64
Neonatal Care Form,KMC ward follow up sheet :: Danger sign present,KMC ward follow up sheet,Danger sign present,Symptom Grunting,Grunting,,,,Danger sign present,33179cc3-324a-48e0-8f2c-5e640779ad64
Neonatal Care Form,KMC ward follow up sheet :: Danger sign present,KMC ward follow up sheet,Danger sign present,Other.,Other,,,,Danger sign present,33179cc3-324a-48e0-8f2c-5e640779ad64
Neonatal Care Form,KMC ward follow up sheet :: DLT or NLT kmc followup,KMC ward follow up sheet,DLT or NLT kmc followup,DLT,DLT,,,,DLT or NLT kmc followup,76c00914-0215-475a-af0c-f582a8097e9d
Neonatal Care Form,KMC ward follow up sheet :: DLT or NLT kmc followup,KMC ward follow up sheet,DLT or NLT kmc followup,NLT,NLT,,,,DLT or NLT kmc followup,76c00914-0215-475a-af0c-f582a8097e9d
Neonatal Care Form,KMC ward follow up sheet :: Feeding intolerance,KMC ward follow up sheet,Feeding intolerance,True,Yes,,,,Feeding intolerance,cc71a877-c5b0-42c4-b6ca-265b91fc4db2
Neonatal Care Form,KMC ward follow up sheet :: Feeding intolerance,KMC ward follow up sheet,Feeding intolerance,False,No,,,,Feeding intolerance,cc71a877-c5b0-42c4-b6ca-265b91fc4db2
Neonatal Care Form,KMC ward follow up sheet :: Fever ≥37.5,KMC ward follow up sheet,Fever ≥37.5,True,Yes,,,,Fever >=37.5,0f63de99-1833-4d25-9c48-3d919e256983
Neonatal Care Form,KMC ward follow up sheet :: Fever ≥37.5,KMC ward follow up sheet,Fever ≥37.5,False,No,,,,Fever >=37.5,0f63de99-1833-4d25-9c48-3d919e256983
Neonatal Care Form,KMC ward follow up sheet :: Floppy or stiff,KMC ward follow up sheet,Floppy or stiff,Floppy,Floppy,,,,Floppy or stiff,af1077ad-ecf4-4ca8-a719-0b27cd00727b
Neonatal Care Form,KMC ward follow up sheet :: Floppy or stiff,KMC ward follow up sheet,Floppy or stiff,Stiff,Stiff,,,,Floppy or stiff,af1077ad-ecf4-4ca8-a719-0b27cd00727b
Neonatal Care Form,KMC ward follow up sheet :: Mode of feeding kmc,KMC ward follow up sheet,Mode of feeding kmc,NG TUBE feeding,NG tube,,,,Mode of feeding?,d768cca5-4544-4667-a98c-2fcd5b1a6bc8
Neonatal Care Form,KMC ward follow up sheet :: Mode of feeding kmc,KMC ward follow up sheet,Mode of feeding kmc,Cup,Cup,,,,Mode of feeding?,d768cca5-4544-4667-a98c-2fcd5b1a6bc8
Neonatal Care Form,KMC ward follow up sheet :: Mode of feeding kmc,KMC ward follow up sheet,Mode of feeding kmc,Direct BF,Direct BF,,,,Mode of feeding?,d768cca5-4544-4667-a98c-2fcd5b1a6bc8
Neonatal Care Form,KMC ward follow up sheet :: Supplement kmc f,KMC ward follow up sheet,Supplement kmc f,Vit D,Vit D,,,,Supplement,913d5cf4-70da-4f92-8890-08d9fbbf063b
Neonatal Care Form,KMC ward follow up sheet :: Supplement kmc f,KMC ward follow up sheet,Supplement kmc f,Iron,Iron,,,,Supplement,913d5cf4-70da-4f92-8890-08d9fbbf063b
Neonatal Care Form,KMC ward follow up sheet :: Temperature < 36.5 or not raising after warming,KMC ward follow up sheet,Temperature < 36.5 or not raising after warming,True,Yes,,,,Temperature < 36.5 or not raising after warming,2bebf07d-b937-4878-996c-0e81c49717fe
Neonatal Care Form,KMC ward follow up sheet :: Temperature < 36.5 or not raising after warming,KMC ward follow up sheet,Temperature < 36.5 or not raising after warming,False,No,,,,Temperature < 36.5 or not raising after warming,2bebf07d-b937-4878-996c-0e81c49717fe
Neonatal Care Form,KMC ward follow up sheet :: Type of feed,KMC ward follow up sheet,Type of feed,EBM,EBM,,,,Type of feed,aa0e6b79-1839-49ff-8a77-aa5b4f3b2b57
Neonatal Care Form,KMC ward follow up sheet :: Type of feed,KMC ward follow up sheet,Type of feed,EBM+ Fortification,EBM+ Fortification,,,,Type of feed,aa0e6b79-1839-49ff-8a77-aa5b4f3b2b57
Neonatal Care Form,KMC ward follow up sheet :: Type of feed,KMC ward follow up sheet,Type of feed,Formula,Formula,,,,Type of feed,aa0e6b79-1839-49ff-8a77-aa5b4f3b2b57
Neonatal Care Form,KMC ward follow up sheet :: Type of feed,KMC ward follow up sheet,Type of feed,Mixed,Mixed,,,,Type of feed,aa0e6b79-1839-49ff-8a77-aa5b4f3b2b57
Neonatal Care Form,KMC ward follow up sheet :: Umbilicus draining pus,KMC ward follow up sheet,Umbilicus draining pus,True,Yes,,,,Umbilicus draining pus,60915565-f522-40e0-b0c8-f2f10e66c88e
Neonatal Care Form,KMC ward follow up sheet :: Umbilicus draining pus,KMC ward follow up sheet,Umbilicus draining pus,False,No,,,,Umbilicus draining pus,60915565-f522-40e0-b0c8-f2f10e66c88e
Neonatal Care Form,KMC ward follow up sheet :: Urine,KMC ward follow up sheet,Urine,Pass,Pass,,,,Urine exam,8042b2cd-00b8-42b5-9c59-c3ef07c971d5
Neonatal Care Form,KMC ward follow up sheet :: Urine,KMC ward follow up sheet,Urine,Not pass,Not pass,,,,Urine exam,8042b2cd-00b8-42b5-9c59-c3ef07c971d5
Neonatal Care Form,KMC ward follow up sheet :: Vaccination,KMC ward follow up sheet,Vaccination,True,Yes,,,,Vaccination,f3e9b611-39f8-4951-90e6-b4e4f53033a8
Neonatal Care Form,KMC ward follow up sheet :: Vaccination,KMC ward follow up sheet,Vaccination,False,No,,,,Vaccination,f3e9b611-39f8-4951-90e6-b4e4f53033a8
Neonatal Care Form,Medication sheet :: Frequency n,Medication sheet,Frequency n,Every other day,Daily,,,,Ordered medication frequency,a9873051-fcbd-4ca7-9302-5ea0c977a596
Neonatal Care Form,Medication sheet :: Frequency n,Medication sheet,Frequency n,BID,BID,,,,Ordered medication frequency,a9873051-fcbd-4ca7-9302-5ea0c977a596
Neonatal Care Form,Medication sheet :: Frequency n,Medication sheet,Frequency n,TID,TID,,,,Ordered medication frequency,a9873051-fcbd-4ca7-9302-5ea0c977a596
Neonatal Care Form,Medication sheet :: Frequency n,Medication sheet,Frequency n,QID,QID,,,,Ordered medication frequency,a9873051-fcbd-4ca7-9302-5ea0c977a596
Neonatal Care Form,Medication sheet :: Frequency n,Medication sheet,Frequency n,Every 4 hours,Every 4 hours,,,,Ordered medication frequency,a9873051-fcbd-4ca7-9302-5ea0c977a596
Neonatal Care Form,Medication sheet :: Medication route n,Medication sheet,Medication route n,Intravenous,IV,,,,Medication Adminstration route,bd8138ce-e940-4395-bccc-79f10e10051c
Neonatal Care Form,Medication sheet :: Medication route n,Medication sheet,Medication route n,per os,PO,,,,Medication Adminstration route,bd8138ce-e940-4395-bccc-79f10e10051c
Neonatal Care Form,Medication sheet :: Medication route n,Medication sheet,Medication route n,Intramuscular,IM,,,,Medication Adminstration route,bd8138ce-e940-4395-bccc-79f10e10051c
Neonatal Care Form,Neonatal referral form :: ANC Visit ref,Neonatal referral form,ANC Visit ref,True,Yes,,,,ANC Visit?,396e2119-c0ec-4198-888a-e7bccfb5d75d
Neonatal Care Form,Neonatal referral form :: ANC Visit ref,Neonatal referral form,ANC Visit ref,False,No,,,,ANC Visit?,396e2119-c0ec-4198-888a-e7bccfb5d75d
Neonatal Care Form,Neonatal referral form :: Baby placed in iKMC,Neonatal referral form,Baby placed in iKMC,True,Yes,,,,Baby placed in iKMC,116a6ce7-a9c4-4633-b1e1-29e28a064d71
Neonatal Care Form,Neonatal referral form :: Baby placed in iKMC,Neonatal referral form,Baby placed in iKMC,False,No,,,,Baby placed in iKMC,116a6ce7-a9c4-4633-b1e1-29e28a064d71
Neonatal Care Form,Neonatal referral form :: Baby placed in plastic bag,Neonatal referral form,Baby placed in plastic bag,True,Yes,,,,Baby placed in plastic bag,ef39ef01-c87e-42c4-906b-742293da73e9
Neonatal Care Form,Neonatal referral form :: Baby placed in plastic bag,Neonatal referral form,Baby placed in plastic bag,False,No,,,,Baby placed in plastic bag,ef39ef01-c87e-42c4-906b-742293da73e9
Neonatal Care Form,Neonatal referral form :: Baby placed on CPAP,Neonatal referral form,Baby placed on CPAP,True,Yes,,,,Baby placed on CPAP,0d7443a7-434d-46b0-a4a1-a12e7b1d1467
Neonatal Care Form,Neonatal referral form :: Baby placed on CPAP,Neonatal referral form,Baby placed on CPAP,False,No,,,,Baby placed on CPAP,0d7443a7-434d-46b0-a4a1-a12e7b1d1467
Neonatal Care Form,Neonatal referral form :: Baby placed skin to skin at birth,Neonatal referral form,Baby placed skin to skin at birth,True,Yes,,,,Baby placed skin to skin at birth,28186f46-8f9f-4e48-834f-2a77f8cfa72d
Neonatal Care Form,Neonatal referral form :: Baby placed skin to skin at birth,Neonatal referral form,Baby placed skin to skin at birth,False,No,,,,Baby placed skin to skin at birth,28186f46-8f9f-4e48-834f-2a77f8cfa72d
Neonatal Care Form,Neonatal referral form :: Bag and Mask,Neonatal referral form,Bag and Mask,True,Yes,,,,Bag and Mask,bc3b32a1-f76e-4d9a-a12f-ca29741a9bdd
Neonatal Care Form,Neonatal referral form :: Bag and Mask,Neonatal referral form,Bag and Mask,False,No,,,,Bag and Mask,bc3b32a1-f76e-4d9a-a12f-ca29741a9bdd
Neonatal Care Form,Neonatal referral form :: Ballard Score ref,Neonatal referral form,Ballard Score ref,True,Yes,,,,Ballard Score?,a814acb0-f335-4953-a463-c911565ac9c1
Neonatal Care Form,Neonatal referral form :: Ballard Score ref,Neonatal referral form,Ballard Score ref,False,No,,,,Ballard Score?,a814acb0-f335-4953-a463-c911565ac9c1
Neonatal Care Form,Neonatal referral form :: Chlorhexdine 4%,Neonatal referral form,Chlorhexdine 4%,True,Yes,,,,Chlorhexdine 4%,384ac4b4-c608-461d-b8e4-eb0ed0f58bc3
Neonatal Care Form,Neonatal referral form :: Chlorhexdine 4%,Neonatal referral form,Chlorhexdine 4%,False,No,,,,Chlorhexdine 4%,384ac4b4-c608-461d-b8e4-eb0ed0f58bc3
Neonatal Care Form,Neonatal referral form :: COOMB’S test ref,Neonatal referral form,COOMB’S test ref,Positive,Positive,,,,COOMBS test,368644ac-15be-400f-bc57-bd2fab62332f
Neonatal Care Form,Neonatal referral form :: Delayed Cord clamping done,Neonatal referral form,Delayed Cord clamping done,False,No,,,,Delayed Cord clamping done,47a1be7e-902c-4ee7-95aa-0526bc113897
Neonatal Care Form,Neonatal referral form :: Delayed Cord clamping done,Neonatal referral form,Delayed Cord clamping done,True,Yes,,,,Delayed Cord clamping done,47a1be7e-902c-4ee7-95aa-0526bc113897
Neonatal Care Form,Neonatal referral form :: Delivery attended by provider trained on HBB/ neonatal resuscitation,Neonatal referral form,Delivery attended by provider trained on HBB/ neonatal resuscitation,True,Yes,,,,Delivery attended by provider trained on HBB/ neonatal resuscitation,b0c05a49-4f64-4fbe-a88c-5c155b33c314
Neonatal Care Form,Neonatal referral form :: Delivery attended by provider trained on HBB/ neonatal resuscitation,Neonatal referral form,Delivery attended by provider trained on HBB/ neonatal resuscitation,False,No,,,,Delivery attended by provider trained on HBB/ neonatal resuscitation,b0c05a49-4f64-4fbe-a88c-5c155b33c314
Neonatal Care Form,Neonatal referral form :: Delivery n,Neonatal referral form,Delivery n,Normal delivery,SVD,,,,"PMTCT, Delivery",2e41171c-5cd5-4b70-ad40-b1dfa1f4bb6f
Neonatal Care Form,Neonatal referral form :: Delivery n,Neonatal referral form,Delivery n,Vaccum Delivery,Vacuum,,,,"PMTCT, Delivery",2e41171c-5cd5-4b70-ad40-b1dfa1f4bb6f
Neonatal Care Form,Neonatal referral form :: Delivery n,Neonatal referral form,Delivery n,Forceps Delivery,Forceps,,,,"PMTCT, Delivery",2e41171c-5cd5-4b70-ad40-b1dfa1f4bb6f
Neonatal Care Form,Neonatal referral form :: Delivery n,Neonatal referral form,Delivery n,Cesarean Section Delivery,Caesarean section,,,,"PMTCT, Delivery",2e41171c-5cd5-4b70-ad40-b1dfa1f4bb6f
Neonatal Care Form,Neonatal referral form :: Estimated by: Obstetric Ultrasound ref,Neonatal referral form,Estimated by: Obstetric Ultrasound ref,True,Yes,,,,Estimated by: Obstetric Ultrasound,dcb15dfe-5bec-4baf-b045-960b9a0dda36
Neonatal Care Form,Neonatal referral form :: Estimated by: Obstetric Ultrasound ref,Neonatal referral form,Estimated by: Obstetric Ultrasound ref,False,No,,,,Estimated by: Obstetric Ultrasound,dcb15dfe-5bec-4baf-b045-960b9a0dda36
Neonatal Care Form,Neonatal referral form :: Feeding initiated,Neonatal referral form,Feeding initiated,True,Yes,,,,Feeding initiated,18a02ac6-bd86-4ba0-9151-809f0b88103a
Neonatal Care Form,Neonatal referral form :: Feeding initiated,Neonatal referral form,Feeding initiated,False,No,,,,Feeding initiated,18a02ac6-bd86-4ba0-9151-809f0b88103a
Neonatal Care Form,Neonatal referral form :: If done tick what was done,Neonatal referral form,If done tick what was done,Supplemental oxygen,Supplemental oxygen,,,,If done tick what was done,5a1fbe92-8fb2-4d46-af8d-0b2c47331df5
Neonatal Care Form,Neonatal referral form :: If done tick what was done,Neonatal referral form,If done tick what was done,Bag mask ventilation,Bag mask ventilation,,,,If done tick what was done,5a1fbe92-8fb2-4d46-af8d-0b2c47331df5
Neonatal Care Form,Neonatal referral form :: If done tick what was done,Neonatal referral form,If done tick what was done,Chest compression,Chest compression,,,,If done tick what was done,5a1fbe92-8fb2-4d46-af8d-0b2c47331df5
Neonatal Care Form,Neonatal referral form :: If done tick what was done,Neonatal referral form,If done tick what was done,Intubation,Intubation,,,,If done tick what was done,5a1fbe92-8fb2-4d46-af8d-0b2c47331df5
Neonatal Care Form,"Neonatal referral form :: If yes, on HAART ref",Neonatal referral form,"If yes, on HAART ref",True,Yes,,,,"If yes, on HAART",ace5f1e7-e08d-4116-b999-7bd4b6ccaf7a
Neonatal Care Form,"Neonatal referral form :: If yes, on HAART ref",Neonatal referral form,"If yes, on HAART ref",False,No,,,,"If yes, on HAART",ace5f1e7-e08d-4116-b999-7bd4b6ccaf7a
Neonatal Care Form,Neonatal referral form :: Infant prophylaxis started ref,Neonatal referral form,Infant prophylaxis started ref,True,Yes,,,,Infant prophylaxis started,ad75af50-7cf9-433f-903c-764cf2131c10
Neonatal Care Form,Neonatal referral form :: Infant prophylaxis started ref,Neonatal referral form,Infant prophylaxis started ref,False,No,,,,Infant prophylaxis started,ad75af50-7cf9-433f-903c-764cf2131c10
Neonatal Care Form,Neonatal referral form :: Intra/Inter facility transfer,Neonatal referral form,Intra/Inter facility transfer,Inter facility transfer,Inter facility transfer,,,,Intra/Inter facility transfer,a9d86186-82f2-4f0f-af15-a5c31f292b58
Neonatal Care Form,Neonatal referral form :: Intra/Inter facility transfer,Neonatal referral form,Intra/Inter facility transfer,Intra facility transfer,Intra facility transfer,,,,Intra/Inter facility transfer,a9d86186-82f2-4f0f-af15-a5c31f292b58
Neonatal Care Form,Neonatal referral form :: LNMP uts ref,Neonatal referral form,LNMP uts ref,True,Yes,,,,LNMP uts,fd4224ed-77d8-4210-acc0-9ed2572a10f7
Neonatal Care Form,Neonatal referral form :: LNMP uts ref,Neonatal referral form,LNMP uts ref,False,No,,,,LNMP uts,fd4224ed-77d8-4210-acc0-9ed2572a10f7
Neonatal Care Form,Neonatal referral form :: Mother PICT ref,Neonatal referral form,Mother PICT ref,Negative,Negative,,,,Mother PICT,36fc9c84-5344-44a0-87ea-0900240a296f
Neonatal Care Form,Neonatal referral form :: Mother PICT ref,Neonatal referral form,Mother PICT ref,Positive,Positive,,,,Mother PICT,36fc9c84-5344-44a0-87ea-0900240a296f
Neonatal Care Form,Neonatal referral form :: Neonatal resuscitation done,Neonatal referral form,Neonatal resuscitation done,True,Yes,,,,Neonatal resuscitation done,6e740fed-37ac-4da7-8519-31c657e9f46b
Neonatal Care Form,Neonatal referral form :: Neonatal resuscitation done,Neonatal referral form,Neonatal resuscitation done,False,No,,,,Neonatal resuscitation done,6e740fed-37ac-4da7-8519-31c657e9f46b
Neonatal Care Form,Neonatal referral form :: Singleton-Multiple,Neonatal referral form,Singleton-Multiple,Singleton,Singleton,,,,Singleton-Multiple,b6853d20-00f3-4cab-81bf-c8ee17e80792
Neonatal Care Form,Neonatal referral form :: Singleton-Multiple,Neonatal referral form,Singleton-Multiple,Twin,Twin,,,,Singleton-Multiple,b6853d20-00f3-4cab-81bf-c8ee17e80792
Neonatal Care Form,Neonatal referral form :: Singleton-Multiple,Neonatal referral form,Singleton-Multiple,Triplet,Triplet,,,,Singleton-Multiple,b6853d20-00f3-4cab-81bf-c8ee17e80792
Neonatal Care Form,Neonatal referral form :: TT vaccine ref,Neonatal referral form,TT vaccine ref,True,Yes,,,,TT Vaccine,d7916e8b-7027-41b0-b95d-34e59e49a35b
Neonatal Care Form,Neonatal referral form :: TT vaccine ref,Neonatal referral form,TT vaccine ref,False,No,,,,TT Vaccine,d7916e8b-7027-41b0-b95d-34e59e49a35b
Neonatal Care Form,Neonatal referral form :: TTC Eye prophylaxis given,Neonatal referral form,TTC Eye prophylaxis given,True,Yes,,,,TTC Eye prophylaxis given,82d4b4d1-60a6-481d-b7f5-3048dae569ce
Neonatal Care Form,Neonatal referral form :: TTC Eye prophylaxis given,Neonatal referral form,TTC Eye prophylaxis given,False,No,,,,TTC Eye prophylaxis given,82d4b4d1-60a6-481d-b7f5-3048dae569ce
Neonatal Care Form,Neonatal referral form :: VDRL ref,Neonatal referral form,VDRL ref,Positive,Positive,,,,VDRL?,ff8521d4-83bf-4728-8883-7e10e447bdc5
Neonatal Care Form,Neonatal referral form :: VDRL ref,Neonatal referral form,VDRL ref,Negative,Negative,,,,VDRL?,ff8521d4-83bf-4728-8883-7e10e447bdc5
Neonatal Care Form,Neonatal referral form :: VDRL ref,Neonatal referral form,VDRL ref,Not Done,Not Done,,,,VDRL?,ff8521d4-83bf-4728-8883-7e10e447bdc5
Neonatal Care Form,NICU Admission Careform :: Admission age unit n,NICU Admission Careform,Admission age unit n,Minutes,Minutes,,,,Admission age unit n,e03dcbac-b50c-48fc-a500-ad7b236e3f77
Neonatal Care Form,NICU Admission Careform :: Admission age unit n,NICU Admission Careform,Admission age unit n,"ED Triage, Hours",Hours,,,,Admission age unit n,e03dcbac-b50c-48fc-a500-ad7b236e3f77
Neonatal Care Form,NICU Admission Careform :: Admission age unit n,NICU Admission Careform,Admission age unit n,Days,Days,,,,Admission age unit n,e03dcbac-b50c-48fc-a500-ad7b236e3f77
Neonatal Care Form,NICU Admission Careform :: ANC visit,NICU Admission Careform,ANC visit,Yes,Yes,,,,ANC Visist,2e206a4c-6b88-49e0-8bc4-c009bdd8085f
Neonatal Care Form,NICU Admission Careform :: ANC visit,NICU Admission Careform,ANC visit,No,No,,,,ANC Visist,2e206a4c-6b88-49e0-8bc4-c009bdd8085f
Neonatal Care Form,NICU Admission Careform :: Any abnormality from System Examination,NICU Admission Careform,Any abnormality from System Examination,ACIF SAE PE HEENT,HEENT,,,,Any abnormality from System Examination,8687686b-272c-4ae7-929b-5ec523bd79e6
Neonatal Care Form,NICU Admission Careform :: Any abnormality from System Examination,NICU Admission Careform,Any abnormality from System Examination,Neck,NECK,,,,Any abnormality from System Examination,8687686b-272c-4ae7-929b-5ec523bd79e6
Neonatal Care Form,NICU Admission Careform :: Any abnormality from System Examination,NICU Admission Careform,Any abnormality from System Examination,LGS,LGS,,,,Any abnormality from System Examination,8687686b-272c-4ae7-929b-5ec523bd79e6
Neonatal Care Form,NICU Admission Careform :: Any abnormality from System Examination,NICU Admission Careform,Any abnormality from System Examination,ACIF SAE PE HEENT,CHEST,,,,Any abnormality from System Examination,8687686b-272c-4ae7-929b-5ec523bd79e6
Neonatal Care Form,NICU Admission Careform :: Any abnormality from System Examination,NICU Admission Careform,Any abnormality from System Examination,Chest,CHEST,,,,Any abnormality from System Examination,8687686b-272c-4ae7-929b-5ec523bd79e6
Neonatal Care Form,NICU Admission Careform :: Any abnormality from System Examination,NICU Admission Careform,Any abnormality from System Examination,"Diabetes Follow up, CVS",CVS,,,,Any abnormality from System Examination,8687686b-272c-4ae7-929b-5ec523bd79e6
Neonatal Care Form,NICU Admission Careform :: Any abnormality from System Examination,NICU Admission Careform,Any abnormality from System Examination,Abdomen,Abdomen,,,,Any abnormality from System Examination,8687686b-272c-4ae7-929b-5ec523bd79e6
Neonatal Care Form,NICU Admission Careform :: Any abnormality from System Examination,NICU Admission Careform,Any abnormality from System Examination,GENITALIA,GENITALIA,,,,Any abnormality from System Examination,8687686b-272c-4ae7-929b-5ec523bd79e6
Neonatal Care Form,NICU Admission Careform :: Any abnormality from System Examination,NICU Admission Careform,Any abnormality from System Examination,Integumentary System,INTEGUMENTARY SYSTEM,,,,Any abnormality from System Examination,8687686b-272c-4ae7-929b-5ec523bd79e6
Neonatal Care Form,NICU Admission Careform :: Any abnormality from System Examination,NICU Admission Careform,Any abnormality from System Examination,ACIF SAE PE Musculoskeletal System,MUSCULOSKELETAL SYSTEM,,,,Any abnormality from System Examination,8687686b-272c-4ae7-929b-5ec523bd79e6
Neonatal Care Form,NICU Admission Careform :: Any abnormality from System Examination,NICU Admission Careform,Any abnormality from System Examination,CENTRAL NERVOUS SYSTEM,CENTRAL NERVOUS SYSTEM,,,,Any abnormality from System Examination,8687686b-272c-4ae7-929b-5ec523bd79e6
Neonatal Care Form,NICU Admission Careform :: APGAR score known,NICU Admission Careform,APGAR score known,True,Yes,,,,APGAR score known,e8600787-5469-4418-af09-bc0a3cdda912
Neonatal Care Form,NICU Admission Careform :: APGAR score known,NICU Admission Careform,APGAR score known,False,No,,,,APGAR score known,e8600787-5469-4418-af09-bc0a3cdda912
Neonatal Care Form,NICU Admission Careform :: Asphyxia,NICU Admission Careform,Asphyxia,True,Yes,,,,Asphyxia,3b2d76d6-f78c-455e-ace2-9448274bcd8c
Neonatal Care Form,NICU Admission Careform :: Asphyxia,NICU Admission Careform,Asphyxia,False,No,,,,Asphyxia,3b2d76d6-f78c-455e-ace2-9448274bcd8c
Neonatal Care Form,NICU Admission Careform :: Asphyxia stage,NICU Admission Careform,Asphyxia stage,Stage 1,Stage 1,,,,Asphyxia stage,564dfac8-6f3f-430a-a6ad-427d86ce3ab2
Neonatal Care Form,NICU Admission Careform :: Asphyxia stage,NICU Admission Careform,Asphyxia stage,Stage 2,Stage 2,,,,Asphyxia stage,564dfac8-6f3f-430a-a6ad-427d86ce3ab2
Neonatal Care Form,NICU Admission Careform :: Asphyxia stage,NICU Admission Careform,Asphyxia stage,Stage 3,Stage 3,,,,Asphyxia stage,564dfac8-6f3f-430a-a6ad-427d86ce3ab2
Neonatal Care Form,NICU Admission Careform :: Atm air or with O2,NICU Admission Careform,Atm air or with O2,Atm air,Atm air,,,,Atm air or with O2,57492932-e39f-459b-bd39-71882be2d823
Neonatal Care Form,NICU Admission Careform :: Atm air or with O2,NICU Admission Careform,Atm air or with O2,with O2,with O2,,,,Atm air or with O2,57492932-e39f-459b-bd39-71882be2d823
Neonatal Care Form,NICU Admission Careform :: Birth weight category,NICU Admission Careform,Birth weight category,LGA,LGA,,,,Birth weight category,33a128a2-0ef9-403c-85c6-0b0f2ef69d5a
Neonatal Care Form,NICU Admission Careform :: Birth weight category,NICU Admission Careform,Birth weight category,AGA,AGA,,,,Birth weight category,33a128a2-0ef9-403c-85c6-0b0f2ef69d5a
Neonatal Care Form,NICU Admission Careform :: Birth weight category,NICU Admission Careform,Birth weight category,SGA,SGA,,,,Birth weight category,33a128a2-0ef9-403c-85c6-0b0f2ef69d5a
Neonatal Care Form,NICU Admission Careform :: Blood group and Rh n,NICU Admission Careform,Blood group and Rh n,A-,A+,,,,blood group and RH,38ddc808-e418-4811-83ce-6076a636a52d
Neonatal Care Form,NICU Admission Careform :: Blood group and Rh n,NICU Admission Careform,Blood group and Rh n,B−,B+,,,,blood group and RH,38ddc808-e418-4811-83ce-6076a636a52d
Neonatal Care Form,NICU Admission Careform :: Blood group and Rh n,NICU Admission Careform,Blood group and Rh n,AB−,AB+,,,,blood group and RH,38ddc808-e418-4811-83ce-6076a636a52d
Neonatal Care Form,NICU Admission Careform :: Blood group and Rh n,NICU Admission Careform,Blood group and Rh n,O−,O+,,,,blood group and RH,38ddc808-e418-4811-83ce-6076a636a52d
Neonatal Care Form,NICU Admission Careform :: Breastfeeding initiated within 1 hr of birth,NICU Admission Careform,Breastfeeding initiated within 1 hr of birth,True,Yes,,,,Breastfeeding initiated within 1 hr of birth,80ba56ae-2e88-492a-9dd5-d91dd9ffe548
Neonatal Care Form,NICU Admission Careform :: Breastfeeding initiated within 1 hr of birth,NICU Admission Careform,Breastfeeding initiated within 1 hr of birth,False,No,,,,Breastfeeding initiated within 1 hr of birth,80ba56ae-2e88-492a-9dd5-d91dd9ffe548
Neonatal Care Form,NICU Admission Careform :: Breastfeeding initiated within 1 hr of birth,NICU Admission Careform,Breastfeeding initiated within 1 hr of birth,-2:Unknown,Unknown,,,,Breastfeeding initiated within 1 hr of birth,80ba56ae-2e88-492a-9dd5-d91dd9ffe548
Neonatal Care Form,NICU Admission Careform :: Cord Chlorhexidine Administered,NICU Admission Careform,Cord Chlorhexidine Administered,True,Yes,,,,Cord Chlorhexidine Administered,9b8be91d-4fc8-4691-9cfa-6e9256a191ad
Neonatal Care Form,NICU Admission Careform :: Cord Chlorhexidine Administered,NICU Admission Careform,Cord Chlorhexidine Administered,False,No,,,,Cord Chlorhexidine Administered,9b8be91d-4fc8-4691-9cfa-6e9256a191ad
Neonatal Care Form,NICU Admission Careform :: Cord Chlorhexidine Administered,NICU Admission Careform,Cord Chlorhexidine Administered,-2:Unknown,Unknown,,,,Cord Chlorhexidine Administered,9b8be91d-4fc8-4691-9cfa-6e9256a191ad
Neonatal Care Form,NICU Admission Careform :: Day/Night Local time,NICU Admission Careform,Day/Night Local time,DLT,DLT,,,,Day/Night Local time,1eeccd71-9195-4548-8427-70faec8317fa
Neonatal Care Form,NICU Admission Careform :: Day/Night Local time,NICU Admission Careform,Day/Night Local time,NLT,NLT,,,,Day/Night Local time,1eeccd71-9195-4548-8427-70faec8317fa
Neonatal Care Form,NICU Admission Careform :: Dysmorphysim,NICU Admission Careform,Dysmorphysim,True,Yes,,,,Dysmorphysim,f81a0d97-a8c9-428f-8a57-b4fc9b59f961
Neonatal Care Form,NICU Admission Careform :: Dysmorphysim,NICU Admission Careform,Dysmorphysim,False,No,,,,Dysmorphysim,f81a0d97-a8c9-428f-8a57-b4fc9b59f961
Neonatal Care Form,"NICU Admission Careform :: If Resuscitated, tick what was done",NICU Admission Careform,"If Resuscitated, tick what was done",Supplemental oxygen,Supplemental oxygen,,,,"If Resuscitated, tick what was done",0743e6be-6747-43a4-8f7e-27ff5f21fd50
Neonatal Care Form,"NICU Admission Careform :: If Resuscitated, tick what was done",NICU Admission Careform,"If Resuscitated, tick what was done",Bag mask ventilation,Bag mask ventilation,,,,"If Resuscitated, tick what was done",0743e6be-6747-43a4-8f7e-27ff5f21fd50
Neonatal Care Form,"NICU Admission Careform :: If Resuscitated, tick what was done",NICU Admission Careform,"If Resuscitated, tick what was done",Chest compression,Chest compression,,,,"If Resuscitated, tick what was done",0743e6be-6747-43a4-8f7e-27ff5f21fd50
Neonatal Care Form,"NICU Admission Careform :: If Resuscitated, tick what was done",NICU Admission Careform,"If Resuscitated, tick what was done",Intubation,Intubation,,,,"If Resuscitated, tick what was done",0743e6be-6747-43a4-8f7e-27ff5f21fd50
Neonatal Care Form,"NICU Admission Careform :: If Resuscitated, tick what was done",NICU Admission Careform,"If Resuscitated, tick what was done",Epinephrine,Epinephrine,,,,"If Resuscitated, tick what was done",0743e6be-6747-43a4-8f7e-27ff5f21fd50
Neonatal Care Form,"NICU Admission Careform :: If Resuscitated, tick what was done",NICU Admission Careform,"If Resuscitated, tick what was done",Fluid administered,Fluid administered,,,,"If Resuscitated, tick what was done",0743e6be-6747-43a4-8f7e-27ff5f21fd50
Neonatal Care Form,NICU Admission Careform :: if Unknown,NICU Admission Careform,if Unknown,cried immediately,cried immediately,,,,if Unknown,efe47e77-33a9-42a6-aff2-25e3e264ce6a
Neonatal Care Form,NICU Admission Careform :: if Unknown,NICU Admission Careform,if Unknown,not cried immediately,not cried immediately,,,,if Unknown,efe47e77-33a9-42a6-aff2-25e3e264ce6a
Neonatal Care Form,NICU Admission Careform :: Infant given prophylaxis,NICU Admission Careform,Infant given prophylaxis,True,Yes,,,,Infant given prophylaxis,24a0e948-16a4-4c81-9afb-84c041747117
Neonatal Care Form,NICU Admission Careform :: Infant given prophylaxis,NICU Admission Careform,Infant given prophylaxis,False,No,,,,Infant given prophylaxis,24a0e948-16a4-4c81-9afb-84c041747117
Neonatal Care Form,NICU Admission Careform :: Labor was,NICU Admission Careform,Labor was,Spontaneous,Spontaneous,,,,Labor was,53ba222f-fd90-41d5-b0da-f0774694991b
Neonatal Care Form,NICU Admission Careform :: Labor was,NICU Admission Careform,Labor was,Induced,Induced,,,,Labor was,53ba222f-fd90-41d5-b0da-f0774694991b
Neonatal Care Form,NICU Admission Careform :: Labor was,NICU Admission Careform,Labor was,Augmented,Augmented,,,,Labor was,53ba222f-fd90-41d5-b0da-f0774694991b
Neonatal Care Form,NICU Admission Careform :: LNMP known n,NICU Admission Careform,LNMP known n,Yes,Yes,,,,LNMP known,c62a8a2c-7eb9-4232-bedc-4af8c290391d
Neonatal Care Form,NICU Admission Careform :: LNMP known n,NICU Admission Careform,LNMP known n,No,No,,,,LNMP known,c62a8a2c-7eb9-4232-bedc-4af8c290391d
Neonatal Care Form,NICU Admission Careform :: Maternal medication during pregnancy and labor,NICU Admission Careform,Maternal medication during pregnancy and labor,Antibiotic,Antibiotic,,,,Maternal medication during pregnancy and labor,85bf2ce2-e63e-43c3-b47b-103153f33e69
Neonatal Care Form,NICU Admission Careform :: Maternal medication during pregnancy and labor,NICU Admission Careform,Maternal medication during pregnancy and labor,Dexamethasone,Dexamethasone,,,,Maternal medication during pregnancy and labor,85bf2ce2-e63e-43c3-b47b-103153f33e69
Neonatal Care Form,NICU Admission Careform :: Maternal medication during pregnancy and labor,NICU Admission Careform,Maternal medication during pregnancy and labor,Betamethasone,Betamethasone,,,,Maternal medication during pregnancy and labor,85bf2ce2-e63e-43c3-b47b-103153f33e69
Neonatal Care Form,NICU Admission Careform :: Maternal medication during pregnancy and labor,NICU Admission Careform,Maternal medication during pregnancy and labor,Magnesium Sulphate,Magnesium Sulphate,,,,Maternal medication during pregnancy and labor,85bf2ce2-e63e-43c3-b47b-103153f33e69
Neonatal Care Form,NICU Admission Careform :: Maternal medication during pregnancy and labor,NICU Admission Careform,Maternal medication during pregnancy and labor,Other Medication,Other Medication,,,,Maternal medication during pregnancy and labor,85bf2ce2-e63e-43c3-b47b-103153f33e69
Neonatal Care Form,NICU Admission Careform :: Maternal Status,NICU Admission Careform,Maternal Status,Alive,Alive,,,,Maternal Status,c3dd063d-ef16-45fc-b936-9870d17d3066
Neonatal Care Form,NICU Admission Careform :: Maternal Status,NICU Admission Careform,Maternal Status,Dead,Dead,,,,Maternal Status,c3dd063d-ef16-45fc-b936-9870d17d3066
Neonatal Care Form,NICU Admission Careform :: Membrane ruptured,NICU Admission Careform,Membrane ruptured,spontaneously,spontaneously,,,,Membrane ruptured,37f3790e-fbd8-4c67-9158-60bae6a27423
Neonatal Care Form,NICU Admission Careform :: Membrane ruptured,NICU Admission Careform,Membrane ruptured,Artificially,Artificially,,,,Membrane ruptured,37f3790e-fbd8-4c67-9158-60bae6a27423
Neonatal Care Form,NICU Admission Careform :: Mode of delivery n,NICU Admission Careform,Mode of delivery n,SVD,SVD,,,,Mode of delivery,a13314b9-3048-450f-a783-1e1d8d02f87b
Neonatal Care Form,NICU Admission Careform :: Mode of delivery n,NICU Admission Careform,Mode of delivery n,Cesarean delivery Emergency,Caesarean Section,,,,Mode of delivery,a13314b9-3048-450f-a783-1e1d8d02f87b
Neonatal Care Form,NICU Admission Careform :: Mother HIV status n,NICU Admission Careform,Mother HIV status n,HIV Negative,Negative,,,,mother HIV status,4aba9eea-3a4e-4301-97ec-a9677094e0ad
Neonatal Care Form,NICU Admission Careform :: Mother HIV status n,NICU Admission Careform,Mother HIV status n,HIV Positive,Positive,,,,mother HIV status,4aba9eea-3a4e-4301-97ec-a9677094e0ad
Neonatal Care Form,NICU Admission Careform :: Mother HIV status n,NICU Admission Careform,Mother HIV status n,Unknown HIV status,Unknown,,,,mother HIV status,4aba9eea-3a4e-4301-97ec-a9677094e0ad
Neonatal Care Form,NICU Admission Careform :: Mothers educational status,NICU Admission Careform,Mothers educational status,Unable to read and write,Unable to read and write,,,,Mothers educational status,018a4f22-2644-4b1c-95d8-829b51468a2a
Neonatal Care Form,NICU Admission Careform :: Mothers educational status,NICU Admission Careform,Mothers educational status,Able to read and write,Able to read and write,,,,Mothers educational status,018a4f22-2644-4b1c-95d8-829b51468a2a
Neonatal Care Form,NICU Admission Careform :: Mothers educational status,NICU Admission Careform,Mothers educational status,Primary Education (1-8),Primary Education (1-8),,,,Mothers educational status,018a4f22-2644-4b1c-95d8-829b51468a2a
Neonatal Care Form,NICU Admission Careform :: Mothers educational status,NICU Admission Careform,Mothers educational status,Secondary Education (9-12),Secondary Education (9-12),,,,Mothers educational status,018a4f22-2644-4b1c-95d8-829b51468a2a
Neonatal Care Form,NICU Admission Careform :: Mothers educational status,NICU Admission Careform,Mothers educational status,College and Above,College and Above,,,,Mothers educational status,018a4f22-2644-4b1c-95d8-829b51468a2a
Neonatal Care Form,NICU Admission Careform :: Mothers occupation,NICU Admission Careform,Mothers occupation,Housewife,Housewife,,,,Mothers occupation,1923f2cc-e539-4704-847f-9809a57f2c91
Neonatal Care Form,NICU Admission Careform :: Mothers occupation,NICU Admission Careform,Mothers occupation,Farmer,Farmer,,,,Mothers occupation,1923f2cc-e539-4704-847f-9809a57f2c91
Neonatal Care Form,NICU Admission Careform :: Mothers occupation,NICU Admission Careform,Mothers occupation,Government Employee,Government Employee,,,,Mothers occupation,1923f2cc-e539-4704-847f-9809a57f2c91
Neonatal Care Form,NICU Admission Careform :: Mothers occupation,NICU Admission Careform,Mothers occupation,Self Employed,Self Employed,,,,Mothers occupation,1923f2cc-e539-4704-847f-9809a57f2c91
Neonatal Care Form,NICU Admission Careform :: Mothers occupation,NICU Admission Careform,Mothers occupation,NGO employed,NGO employed,,,,Mothers occupation,1923f2cc-e539-4704-847f-9809a57f2c91
Neonatal Care Form,NICU Admission Careform :: Mothers occupation,NICU Admission Careform,Mothers occupation,Daily labour,Daily labour,,,,Mothers occupation,1923f2cc-e539-4704-847f-9809a57f2c91
Neonatal Care Form,NICU Admission Careform :: Mothers occupation,NICU Admission Careform,Mothers occupation,Private company employee,Private company employee,,,,Mothers occupation,1923f2cc-e539-4704-847f-9809a57f2c91
Neonatal Care Form,NICU Admission Careform :: Mothers religion n,NICU Admission Careform,Mothers religion n,ACIF R Orthodox,Orthodox,,,,Mothers religion,3737a36d-c6be-4bd4-a316-59b897d2898c
Neonatal Care Form,NICU Admission Careform :: Mothers religion n,NICU Admission Careform,Mothers religion n,ACIF R Muslim,Muslim,,,,Mothers religion,3737a36d-c6be-4bd4-a316-59b897d2898c
Neonatal Care Form,NICU Admission Careform :: Mothers religion n,NICU Admission Careform,Mothers religion n,ACIF R Protestant,Protestant,,,,Mothers religion,3737a36d-c6be-4bd4-a316-59b897d2898c
Neonatal Care Form,NICU Admission Careform :: Mothers religion n,NICU Admission Careform,Mothers religion n,ACIF R Catholic,Catholic,,,,Mothers religion,3737a36d-c6be-4bd4-a316-59b897d2898c
Neonatal Care Form,NICU Admission Careform :: Mothers religion n,NICU Admission Careform,Mothers religion n,Other Notes,Other,,,,Mothers religion,3737a36d-c6be-4bd4-a316-59b897d2898c
Neonatal Care Form,NICU Admission Careform :: Place of ANC follow up,NICU Admission Careform,Place of ANC follow up,Health Post,Health Post,,,,Place of ANC follow up,f34fb6d6-9bc1-45b2-b37c-d199ca1a5acc
Neonatal Care Form,NICU Admission Careform :: Place of ANC follow up,NICU Admission Careform,Place of ANC follow up,Health Center,Health Center,,,,Place of ANC follow up,f34fb6d6-9bc1-45b2-b37c-d199ca1a5acc
Neonatal Care Form,NICU Admission Careform :: Place of ANC follow up,NICU Admission Careform,Place of ANC follow up,Primary Hospital,Primary Hospital,,,,Place of ANC follow up,f34fb6d6-9bc1-45b2-b37c-d199ca1a5acc
Neonatal Care Form,NICU Admission Careform :: Place of ANC follow up,NICU Admission Careform,Place of ANC follow up,General hospital,General hospital,,,,Place of ANC follow up,f34fb6d6-9bc1-45b2-b37c-d199ca1a5acc
Neonatal Care Form,NICU Admission Careform :: Place of ANC follow up,NICU Admission Careform,Place of ANC follow up,Private hospital,Private hospital,,,,Place of ANC follow up,f34fb6d6-9bc1-45b2-b37c-d199ca1a5acc
Neonatal Care Form,NICU Admission Careform :: Place of ANC follow up,NICU Admission Careform,Place of ANC follow up,Referral Hospital,Referral Hospital,,,,Place of ANC follow up,f34fb6d6-9bc1-45b2-b37c-d199ca1a5acc
Neonatal Care Form,NICU Admission Careform :: Placed skin to skin at birth,NICU Admission Careform,Placed skin to skin at birth,True,Yes,,,,Placed skin to skin at birth,c6686ef2-21d7-4a92-bca1-960099f4c286
Neonatal Care Form,NICU Admission Careform :: Placed skin to skin at birth,NICU Admission Careform,Placed skin to skin at birth,False,No,,,,Placed skin to skin at birth,c6686ef2-21d7-4a92-bca1-960099f4c286
Neonatal Care Form,NICU Admission Careform :: Placed skin to skin at birth,NICU Admission Careform,Placed skin to skin at birth,-2:Unknown,Unknown,,,,Placed skin to skin at birth,c6686ef2-21d7-4a92-bca1-960099f4c286
Neonatal Care Form,NICU Admission Careform :: Received delayed cord clamping,NICU Admission Careform,Received delayed cord clamping,True,Yes,,,,Received delayed cord clamping,2bd57853-669e-4746-88fa-c59f360fbc3c
Neonatal Care Form,NICU Admission Careform :: Received delayed cord clamping,NICU Admission Careform,Received delayed cord clamping,False,No,,,,Received delayed cord clamping,2bd57853-669e-4746-88fa-c59f360fbc3c
Neonatal Care Form,NICU Admission Careform :: Received delayed cord clamping,NICU Admission Careform,Received delayed cord clamping,-2:Unknown,Unknown,,,,Received delayed cord clamping,2bd57853-669e-4746-88fa-c59f360fbc3c
Neonatal Care Form,NICU Admission Careform :: Significant events during current or previous pregnancy,NICU Admission Careform,Significant events during current or previous pregnancy,HDP Complication,HDP,,,,Significant events during current or this pregnancy,6c181756-b4ef-4bb4-b872-f141e032b740
Neonatal Care Form,NICU Admission Careform :: Significant events during current or previous pregnancy,NICU Admission Careform,Significant events during current or previous pregnancy,PROM Complication,PROM,,,,Significant events during current or this pregnancy,6c181756-b4ef-4bb4-b872-f141e032b740
Neonatal Care Form,NICU Admission Careform :: Significant events during current or previous pregnancy,NICU Admission Careform,Significant events during current or previous pregnancy,GDM Complication,GDM,,,,Significant events during current or this pregnancy,6c181756-b4ef-4bb4-b872-f141e032b740
Neonatal Care Form,NICU Admission Careform :: Significant events during current or previous pregnancy,NICU Admission Careform,Significant events during current or previous pregnancy,APH Complication,APH,,,,Significant events during current or this pregnancy,6c181756-b4ef-4bb4-b872-f141e032b740
Neonatal Care Form,NICU Admission Careform :: Significant events during current or previous pregnancy,NICU Admission Careform,Significant events during current or previous pregnancy,amniotic fluid abnormality,Amniotic fluid abnormalities,,,,Significant events during current or this pregnancy,6c181756-b4ef-4bb4-b872-f141e032b740
Neonatal Care Form,NICU Admission Careform :: Significant events during current or previous pregnancy,NICU Admission Careform,Significant events during current or previous pregnancy,Others (Specify),Others (specify),,,,Significant events during current or this pregnancy,6c181756-b4ef-4bb4-b872-f141e032b740
Neonatal Care Form,NICU Admission Careform :: Time of birth NLT or DLT n,NICU Admission Careform,Time of birth NLT or DLT n,DLT,DLT,,,,Time of birth NLT or DLT n,6a8f0abf-2c40-4a89-9023-20cd5a67fbec
Neonatal Care Form,NICU Admission Careform :: Time of birth NLT or DLT n,NICU Admission Careform,Time of birth NLT or DLT n,NLT,NLT,,,,Time of birth NLT or DLT n,6a8f0abf-2c40-4a89-9023-20cd5a67fbec
Neonatal Care Form,NICU Admission Careform :: Transferred to NICU with,NICU Admission Careform,Transferred to NICU with,Intranasal low flow O2,Intranasal low flow O2,,,,Transferred to NICU with,84fb5426-f123-4e32-99f9-9013ac864f82
Neonatal Care Form,NICU Admission Careform :: Transferred to NICU with,NICU Admission Careform,Transferred to NICU with,CPAP,CPAP,,,,Transferred to NICU with,84fb5426-f123-4e32-99f9-9013ac864f82
Neonatal Care Form,NICU Admission Careform :: Transferred to NICU with,NICU Admission Careform,Transferred to NICU with,Atmospheric air,Atmospheric air,,,,Transferred to NICU with,84fb5426-f123-4e32-99f9-9013ac864f82
Neonatal Care Form,NICU Admission Careform :: Transferred to NICU with,NICU Admission Careform,Transferred to NICU with,Plastic wrap,Plastic wrap,,,,Transferred to NICU with,84fb5426-f123-4e32-99f9-9013ac864f82
Neonatal Care Form,NICU Admission Careform :: Transferred to NICU with,NICU Admission Careform,Transferred to NICU with,STS care,STS care,,,,Transferred to NICU with,84fb5426-f123-4e32-99f9-9013ac864f82
Neonatal Care Form,NICU Admission Careform :: TT Vaccine n,NICU Admission Careform,TT Vaccine n,True,Yes,,,,TT Vaccine,d7916e8b-7027-41b0-b95d-34e59e49a35b
Neonatal Care Form,NICU Admission Careform :: TT Vaccine n,NICU Admission Careform,TT Vaccine n,False,No,,,,TT Vaccine,d7916e8b-7027-41b0-b95d-34e59e49a35b
Neonatal Care Form,NICU Admission Careform :: TTC eye ointment,NICU Admission Careform,TTC eye ointment,True,Yes,,,,TTC eye ointment,8d47b984-262c-4f10-b181-d237130eab21
Neonatal Care Form,NICU Admission Careform :: TTC eye ointment,NICU Admission Careform,TTC eye ointment,False,No,,,,TTC eye ointment,8d47b984-262c-4f10-b181-d237130eab21
Neonatal Care Form,NICU Admission Careform :: TTC eye ointment,NICU Admission Careform,TTC eye ointment,-2:Unknown,Unknown,,,,TTC eye ointment,8d47b984-262c-4f10-b181-d237130eab21
Neonatal Care Form,NICU Admission Careform :: VDRL n,NICU Admission Careform,VDRL n,Positive,Positive,,,,VDRL?,ff8521d4-83bf-4728-8883-7e10e447bdc5
Neonatal Care Form,NICU Admission Careform :: VDRL n,NICU Admission Careform,VDRL n,Negative,Negative,,,,VDRL?,ff8521d4-83bf-4728-8883-7e10e447bdc5
Neonatal Care Form,NICU Admission Careform :: VDRL n,NICU Admission Careform,VDRL n,Not Done,Not Done,,,,VDRL?,ff8521d4-83bf-4728-8883-7e10e447bdc5
Neonatal Care Form,NICU Admission Careform :: Vitamin K given birth,NICU Admission Careform,Vitamin K given birth,True,Yes,,,,Vitamin K given birth,55f3174c-0c38-4a7a-9c07-1c1c730ba9bf
Neonatal Care Form,NICU Admission Careform :: Vitamin K given birth,NICU Admission Careform,Vitamin K given birth,False,No,,,,Vitamin K given birth,55f3174c-0c38-4a7a-9c07-1c1c730ba9bf
Neonatal Care Form,NICU Admission Careform :: Vitamin K given birth,NICU Admission Careform,Vitamin K given birth,-2:Unknown,Unknown,,,,Vitamin K given birth,55f3174c-0c38-4a7a-9c07-1c1c730ba9bf
Neonatal Care Form,Nurse followup Sheet :: Family Involvement,Nurse followup Sheet,Family Involvement,True,Yes,,,,Family Involvement,7ac68f12-ef61-4178-a5d7-4eb9e5674295
Neonatal Care Form,Nurse followup Sheet :: Family Involvement,Nurse followup Sheet,Family Involvement,False,No,,,,Family Involvement,7ac68f12-ef61-4178-a5d7-4eb9e5674295
Neonatal Care Form,Nurse followup Sheet :: IV line check,Nurse followup Sheet,IV line check,True,Yes,,,,IV line check,25e98d2e-ce98-4771-871e-f8456a106024
Neonatal Care Form,Nurse followup Sheet :: IV line check,Nurse followup Sheet,IV line check,False,No,,,,IV line check,25e98d2e-ce98-4771-871e-f8456a106024
Neonatal Care Form,Nurse followup Sheet :: Kmc done,Nurse followup Sheet,Kmc done,True,Yes,,,,Kmc done,344dab92-bfff-4681-9512-2fe1ab4d4e97
Neonatal Care Form,Nurse followup Sheet :: Kmc done,Nurse followup Sheet,Kmc done,False,No,,,,Kmc done,344dab92-bfff-4681-9512-2fe1ab4d4e97
Neonatal Care Form,Nurse followup Sheet :: Lab blood draw,Nurse followup Sheet,Lab blood draw,True,Yes,,,,Lab blood draw,83b11e86-3787-444d-8034-d4d3be8176cf
Neonatal Care Form,Nurse followup Sheet :: Lab blood draw,Nurse followup Sheet,Lab blood draw,False,No,,,,Lab blood draw,83b11e86-3787-444d-8034-d4d3be8176cf
Neonatal Care Form,Nurse followup Sheet :: Medications Given,Nurse followup Sheet,Medications Given,True,Yes,,,,Medications Given,0ce5366b-c190-4f2d-bba0-ba1b4cf8627a
Neonatal Care Form,Nurse followup Sheet :: Medications Given,Nurse followup Sheet,Medications Given,False,No,,,,Medications Given,0ce5366b-c190-4f2d-bba0-ba1b4cf8627a
Neonatal Care Form,Nurse followup Sheet :: Mode of feeding,Nurse followup Sheet,Mode of feeding,Cup,cup,,,,Mode of feeding?,d768cca5-4544-4667-a98c-2fcd5b1a6bc8
Neonatal Care Form,Nurse followup Sheet :: Mode of feeding,Nurse followup Sheet,Mode of feeding,Direct BF,direct,,,,Mode of feeding?,d768cca5-4544-4667-a98c-2fcd5b1a6bc8
Neonatal Care Form,Nurse followup Sheet :: Mode of feeding,Nurse followup Sheet,Mode of feeding,NG TUBE feeding,Ng tube,,,,Mode of feeding?,d768cca5-4544-4667-a98c-2fcd5b1a6bc8
Neonatal Care Form,Nurse followup Sheet :: Oxygen Source,Nurse followup Sheet,Oxygen Source,INO2,INO2,,,,Oxygen Source,7277f1f8-5523-4b5a-8830-6459b9ba0864
Neonatal Care Form,Nurse followup Sheet :: Oxygen Source,Nurse followup Sheet,Oxygen Source,Head Hood,Head Hood,,,,Oxygen Source,7277f1f8-5523-4b5a-8830-6459b9ba0864
Neonatal Care Form,Nurse followup Sheet :: Oxygen Source,Nurse followup Sheet,Oxygen Source,CPAP,CPAP,,,,Oxygen Source,7277f1f8-5523-4b5a-8830-6459b9ba0864
Neonatal Care Form,Nurse followup Sheet :: Oxygen Source,Nurse followup Sheet,Oxygen Source,MV,MV,,,,Oxygen Source,7277f1f8-5523-4b5a-8830-6459b9ba0864
Neonatal Care Form,Nurse followup Sheet :: Phototherapy n,Nurse followup Sheet,Phototherapy n,True,Yes,,,,Phototherapy?,081e25a4-32ca-40c1-850c-9e9581baba3a
Neonatal Care Form,Nurse followup Sheet :: Phototherapy n,Nurse followup Sheet,Phototherapy n,False,No,,,,Phototherapy?,081e25a4-32ca-40c1-850c-9e9581baba3a
Neonatal Care Form,Nurse followup Sheet :: weight (Change),Nurse followup Sheet,weight (Change),True,Yes,,,,weight (Change),88fea155-7b9e-4505-b4f8-b0b8686b1549
Neonatal Care Form,Nurse followup Sheet :: weight (Change),Nurse followup Sheet,weight (Change),False,No,,,,weight (Change),88fea155-7b9e-4505-b4f8-b0b8686b1549
Neonatal Care Form,Progress care form for Referral Hospitals :: Convulsion Apnea,Progress care form for Referral Hospitals,Convulsion Apnea,True,Yes,,,,Convulsion Apnea,3c69cd88-9ecb-4f54-a25f-a58345782ffd
Neonatal Care Form,Progress care form for Referral Hospitals :: Convulsion Apnea,Progress care form for Referral Hospitals,Convulsion Apnea,False,No,,,,Convulsion Apnea,3c69cd88-9ecb-4f54-a25f-a58345782ffd
Neonatal Care Form,"Progress care form for Referral Hospitals :: CPAP, LFNC, IPPV, HFOV",Progress care form for Referral Hospitals,"CPAP, LFNC, IPPV, HFOV",True,Yes,,,,"CPAP, LFNC, IPPV, HFOV",87a5bd88-9fbb-4123-a314-4f90d8f3f765
Neonatal Care Form,"Progress care form for Referral Hospitals :: CPAP, LFNC, IPPV, HFOV",Progress care form for Referral Hospitals,"CPAP, LFNC, IPPV, HFOV",False,No,,,,"CPAP, LFNC, IPPV, HFOV",87a5bd88-9fbb-4123-a314-4f90d8f3f765
Neonatal Care Form,Progress care form for Referral Hospitals :: CUS(Cranial U/S),Progress care form for Referral Hospitals,CUS(Cranial U/S),True,Yes,,,,CUS(Cranial U/S),a7d0e233-67f0-43d1-8fc7-186f218049df
Neonatal Care Form,Progress care form for Referral Hospitals :: CUS(Cranial U/S),Progress care form for Referral Hospitals,CUS(Cranial U/S),False,No,,,,CUS(Cranial U/S),a7d0e233-67f0-43d1-8fc7-186f218049df
Neonatal Care Form,Progress care form for Referral Hospitals :: Iron supplement,Progress care form for Referral Hospitals,Iron supplement,True,Yes,,,,Iron supplement,7a885fe8-173b-46a5-8b43-264c7fbb22e1
Neonatal Care Form,Progress care form for Referral Hospitals :: Iron supplement,Progress care form for Referral Hospitals,Iron supplement,False,No,,,,Iron supplement,7a885fe8-173b-46a5-8b43-264c7fbb22e1
Neonatal Care Form,Progress care form for Referral Hospitals :: NPO/Open drainage,Progress care form for Referral Hospitals,NPO/Open drainage,True,Yes,,,,NPO/Open drainage,36352011-89a1-4409-9767-fdefc519c983
Neonatal Care Form,Progress care form for Referral Hospitals :: NPO/Open drainage,Progress care form for Referral Hospitals,NPO/Open drainage,False,No,,,,NPO/Open drainage,36352011-89a1-4409-9767-fdefc519c983
