program,target_header,stage_name,data_element_name,source_value,dhis2_value,transform,notes,org_unit,source_concept_name,source_concept_uuid
Neonatal Care Form,,NICU Admission Careform,Date of delivery,,,date,Extract YYYY-MM-DD from Bahmni datetime.,,,
Neonatal Care Form,,NICU Admission Careform,Time of birth,,,time,Extract HH:MM from Bahmni datetime.,,,
Neonatal Care Form,,NICU Admission Careform,Date of Admission n,,,date,Extract YYYY-MM-DD from Bahmni datetime.,,,
Neonatal Care Form,,NICU Admission Careform,Time of Admission n,,,time,Extract HH:MM from Bahmni datetime.,,,
Maternal Inpatient Data,,Delivery summary,Date of Delivery,,,date,Extract YYYY-MM-DD from Bahmni datetime.,,,
Maternal Inpatient Data,,Delivery summary,Time of Delivery:,,,time,Extract HH:MM from Bahmni datetime.,,,
Neonatal Care Form,,NICU Admission Careform,Mother HIV status n,Positive.,Positive,,Example: map Bahmni option with trailing dot to DHIS2 option.,,,
Neonatal Care Form,,NICU Admission Careform,Mother HIV status n,Negative.,Negative,,Example: map Bahmni option with trailing dot to DHIS2 option.,,,
Maternal Inpatient Data,Delivery summary :: birth outcome newborn 2,Delivery summary,birth outcome newborn 2,HEIF Alive,Alive,,,TUL,birth outcome newborn 2,56ee60bc-f77e-4524-8f96-12c2dbd07263
Maternal Inpatient Data,Delivery summary :: birth outcome newborn 2,Delivery summary,birth outcome newborn 2,Stillbirth,Stillbirth,,,TUL,birth outcome newborn 2,56ee60bc-f77e-4524-8f96-12c2dbd07263
Maternal Inpatient Data,Delivery summary :: birth outcome newborn 4,Delivery summary,birth outcome newborn 4,Stillbirth,Stillbirth,,,TUL,birth outcome newborn 4,5ca84814-dbf1-4454-a55a-d9b8d6dac5c2
Maternal Inpatient Data,Delivery summary :: birth outcome newborn 3,Delivery summary,birth outcome newborn 3,HEIF Alive,Alive,,,TUL,birth outcome newborn 3,a13fa347-b347-4cd7-8b4c-8ac776fc0009
Maternal Inpatient Data,Delivery summary :: birth outcome newborn 3,Delivery summary,birth outcome newborn 3,Stillbirth,Stillbirth,,,TUL,birth outcome newborn 3,a13fa347-b347-4cd7-8b4c-8ac776fc0009
Maternal Inpatient Data,Delivery summary :: Sex,Delivery summary,Sex,Male,Male,,,TUL,Sex,bd9f7c08-e3b7-11ea-87d0-0242ac130003
Maternal Inpatient Data,Delivery summary :: Sex,Delivery summary,Sex,Female,Female,,,TUL,Sex,bd9f7c08-e3b7-11ea-87d0-0242ac130003
Maternal Inpatient Data,Delivery summary :: Measures Taken,Delivery summary,Measures Taken,Managed at facility,Managed at facility,,,TUL,Measures Taken,6f13ad07-7b84-4c63-80c0-c269b0dc167d
Maternal Inpatient Data,Delivery summary :: Measures Taken,Delivery summary,Measures Taken,Death during treatment,Death,,,TUL,Measures Taken,6f13ad07-7b84-4c63-80c0-c269b0dc167d
Maternal Inpatient Data,Delivery summary :: Measures Taken,Delivery summary,Measures Taken,Referral,Referral,,,TUL,Measures Taken,6f13ad07-7b84-4c63-80c0-c269b0dc167d
Maternal Inpatient Data,Delivery summary :: Laceration Repair,Delivery summary,Laceration Repair,"First Degree Perineal Laceration, with Delivery",1st degree,,,TUL,Delivery Summary Laceration Reparation,1d1c45d8-de55-11eb-ba80-0242ac130004
Maternal Inpatient Data,Delivery summary :: Laceration Repair,Delivery summary,Laceration Repair,"Second Degree Perineal Laceration, with Delivery",2nd degree,,,TUL,Delivery Summary Laceration Reparation,1d1c45d8-de55-11eb-ba80-0242ac130004
Maternal Inpatient Data,Delivery summary :: Laceration Repair,Delivery summary,Laceration Repair,"Third Degree Perineal Laceration, with Delivery",3rd degree,,,TUL,Delivery Summary Laceration Reparation,1d1c45d8-de55-11eb-ba80-0242ac130004
Maternal Inpatient Data,Delivery summary :: Gestation,Delivery summary,Gestation,Late Preterm GA 34 -36 wk,Term,,,TUL,Gestational Age Coded,beed8f8c-040e-11ec-9a03-0242ac130003
Maternal Inpatient Data,Delivery summary :: Gestation,Delivery summary,Gestation,Term GA = 37 weeks,Term,,,TUL,Gestational Age Coded,beed8f8c-040e-11ec-9a03-0242ac130003
Maternal Inpatient Data,Delivery summary :: Gestation,Delivery summary,Gestation,Extremely Preterm GA < 28 wks,Preterm,,,TUL,Gestational Age Coded,beed8f8c-040e-11ec-9a03-0242ac130003
Maternal Inpatient Data,Delivery summary :: Gestation,Delivery summary,Gestation,Very Preterm GA <32 weeks,Preterm,,,TUL,Gestational Age Coded,beed8f8c-040e-11ec-9a03-0242ac130003
Maternal Inpatient Data,Delivery summary :: Gestation,Delivery summary,Gestation,Early Preterm GA 32 - 34 weeks,Preterm,,,TUL,Gestational Age Coded,beed8f8c-040e-11ec-9a03-0242ac130003
Maternal Inpatient Data,Delivery summary :: Gestation,Delivery summary,Gestation,Post Term GA >41+7 wk,Postterm,,,TUL,Gestational Age Coded,beed8f8c-040e-11ec-9a03-0242ac130003
Maternal Inpatient Data,Delivery summary :: HIV Result,Delivery summary,HIV Result,"VCT, Reactive",+ve,,,TUL,"VCT, HIV Test Result",8dd82beb-7621-4215-b63a-816bbff8aee1
Neonatal Care Form,Discharge care form :: Discharge Outcome n,Discharge care form,Discharge Outcome n,Discharged Alive,Discharged Alive,,,TUL,Discharge Outcome n,8acf2601-2335-46dd-9aa8-aff4166a2b2c
Neonatal Care Form,Discharge care form :: Discharge Outcome n,Discharge care form,Discharge Outcome n,Discharged with complications,Discharged with complications,,,TUL,Discharge Outcome n,8acf2601-2335-46dd-9aa8-aff4166a2b2c
Neonatal Care Form,Discharge care form :: Discharge Outcome n,Discharge care form,Discharge Outcome n,Discharged against medical advice - poor prognosis,Discharged against medical advice - poor prognosis,,,TUL,Discharge Outcome n,8acf2601-2335-46dd-9aa8-aff4166a2b2c
Neonatal Care Form,Discharge care form :: Discharge Outcome n,Discharge care form,Discharge Outcome n,Discharged against medical advice - other,Discharged against medical advice - other,,,TUL,Discharge Outcome n,8acf2601-2335-46dd-9aa8-aff4166a2b2c
Neonatal Care Form,Discharge care form :: Discharge Outcome n,Discharge care form,Discharge Outcome n,Absconded,Absconded,,,TUL,Discharge Outcome n,8acf2601-2335-46dd-9aa8-aff4166a2b2c
Neonatal Care Form,Discharge care form :: Discharge Outcome n,Discharge care form,Discharge Outcome n,Referred/Transferred,Referred/Transferred,,,TUL,Discharge Outcome n,8acf2601-2335-46dd-9aa8-aff4166a2b2c
Neonatal Care Form,Discharge care form :: Final Discharge Diagnosis/Cause of Death,Discharge care form,Final Discharge Diagnosis/Cause of Death,Congenital Malformations.,Congenital Malformations,,,TUL,Final Discharge Diagnosis/Cause of Death,bb6b928f-286e-4fdf-94c1-5fdaf92275d6
Neonatal Care Form,Discharge care form :: Final Discharge Diagnosis/Cause of Death,Discharge care form,Final Discharge Diagnosis/Cause of Death,Prematurity,Prematurity,,,TUL,Final Discharge Diagnosis/Cause of Death,bb6b928f-286e-4fdf-94c1-5fdaf92275d6
Neonatal Care Form,Discharge care form :: Final Discharge Diagnosis/Cause of Death,Discharge care form,Final Discharge Diagnosis/Cause of Death,Infection present,Infection,,,TUL,Final Discharge Diagnosis/Cause of Death,bb6b928f-286e-4fdf-94c1-5fdaf92275d6
Neonatal Care Form,Discharge care form :: Final Discharge Diagnosis/Cause of Death,Discharge care form,Final Discharge Diagnosis/Cause of Death,Intrapartum-related,Intrapartum-related,,,TUL,Final Discharge Diagnosis/Cause of Death,bb6b928f-286e-4fdf-94c1-5fdaf92275d6
Neonatal Care Form,Discharge care form :: Final Discharge Diagnosis/Cause of Death,Discharge care form,Final Discharge Diagnosis/Cause of Death,Jaundice (Pathological),Jaundice (Pathological),,,TUL,Final Discharge Diagnosis/Cause of Death,bb6b928f-286e-4fdf-94c1-5fdaf92275d6
Neonatal Care Form,Discharge care form :: Final Discharge Diagnosis/Cause of Death,Discharge care form,Final Discharge Diagnosis/Cause of Death,Other (None of Above),Other (None of Above),,,TUL,Final Discharge Diagnosis/Cause of Death,bb6b928f-286e-4fdf-94c1-5fdaf92275d6
Neonatal Care Form,Discharge care form :: Final Discharge Diagnosis/Cause of Death,Discharge care form,Final Discharge Diagnosis/Cause of Death,Primary Cause/Final Diagnosis Not Recorded (No Details To Enable Death Certification),Primary Cause/Final Diagnosis Not Recorded (No Details To Enable Death Certification),,,TUL,Final Discharge Diagnosis/Cause of Death,bb6b928f-286e-4fdf-94c1-5fdaf92275d6
Neonatal Care Form,Discharge care form :: Newborn status at discharge n,Discharge care form,Newborn status at discharge n,Dead,Dead,,,TUL,Newborn status at discharge n,46fe91b2-725b-4164-9f22-ee2254ee7e4d
Neonatal Care Form,Discharge care form :: Newborn status at discharge n,Discharge care form,Newborn status at discharge n,Alive,Alive,,,TUL,Newborn status at discharge n,46fe91b2-725b-4164-9f22-ee2254ee7e4d
Neonatal Care Form,Discharge care form :: Sub-Categories of Congenital Malformations n,Discharge care form,Sub-Categories of Congenital Malformations n,Congenital Heart Defects,Congenital Heart Defects,,,TUL,Sub-Categories of Congenital Malformations n,1203b5e9-96dd-41f8-929f-ea578ffcc896
Neonatal Care Form,Discharge care form :: Sub-Categories of Congenital Malformations n,Discharge care form,Sub-Categories of Congenital Malformations n,Chromosomal Disorders,Chromosomal Disorders,,,TUL,Sub-Categories of Congenital Malformations n,1203b5e9-96dd-41f8-929f-ea578ffcc896
Neonatal Care Form,Discharge care form :: Sub-Categories of Congenital Malformations n,Discharge care form,Sub-Categories of Congenital Malformations n,Abdominal Defects,Abdominal Defects,,,TUL,Sub-Categories of Congenital Malformations n,1203b5e9-96dd-41f8-929f-ea578ffcc896
Neonatal Care Form,Discharge care form :: Sub-Categories of Congenital Malformations n,Discharge care form,Sub-Categories of Congenital Malformations n,Neural Tube Defects,Neural Tube Defects,,,TUL,Sub-Categories of Congenital Malformations n,1203b5e9-96dd-41f8-929f-ea578ffcc896
Neonatal Care Form,Discharge care form :: Sub-Categories of Congenital Malformations n,Discharge care form,Sub-Categories of Congenital Malformations n,Orofacial Cleft,Orofacial Cleft,,,TUL,Sub-Categories of Congenital Malformations n,1203b5e9-96dd-41f8-929f-ea578ffcc896
Neonatal Care Form,Discharge care form :: Sub-Categories of Congenital Malformations n,Discharge care form,Sub-Categories of Congenital Malformations n,Talipes/Club Foot,Talipes/Club Foot,,,TUL,Sub-Categories of Congenital Malformations n,1203b5e9-96dd-41f8-929f-ea578ffcc896
Neonatal Care Form,Discharge care form :: Sub-Categories of Congenital Malformations n,Discharge care form,Sub-Categories of Congenital Malformations n,Other Congential,Other Congential,,,TUL,Sub-Categories of Congenital Malformations n,1203b5e9-96dd-41f8-929f-ea578ffcc896
Neonatal Care Form,Discharge care form :: Sub-Categories of Congenital Malformations n,Discharge care form,Sub-Categories of Congenital Malformations n,Congenital Cause But Not Able to Specify,Congenital Cause But Not Able to Specify,,,TUL,Sub-Categories of Congenital Malformations n,1203b5e9-96dd-41f8-929f-ea578ffcc896
Neonatal Care Form,Discharge care form :: Sub-Categories of Infection n,Discharge care form,Sub-Categories of Infection n,Probable Sepsis,Probable Sepsis,,,TUL,Sub-Categories of Infection n,d0a1e3cf-335a-4f1b-ab4e-3a3d014998a3
Neonatal Care Form,Discharge care form :: Sub-Categories of Infection n,Discharge care form,Sub-Categories of Infection n,Culture-Positive Sepsis,Culture-Positive Sepsis,,,TUL,Sub-Categories of Infection n,d0a1e3cf-335a-4f1b-ab4e-3a3d014998a3
Neonatal Care Form,Discharge care form :: Sub-Categories of Infection n,Discharge care form,Sub-Categories of Infection n,Probable Meningitis,Probable Meningitis,,,TUL,Sub-Categories of Infection n,d0a1e3cf-335a-4f1b-ab4e-3a3d014998a3
Neonatal Care Form,Discharge care form :: Sub-Categories of Infection n,Discharge care form,Sub-Categories of Infection n,Culture-Positive Meningitis,Culture-Positive Meningitis,,,TUL,Sub-Categories of Infection n,d0a1e3cf-335a-4f1b-ab4e-3a3d014998a3
Neonatal Care Form,Discharge care form :: Sub-Categories of Infection n,Discharge care form,Sub-Categories of Infection n,Pneumonia.,Pneumonia,,,TUL,Sub-Categories of Infection n,d0a1e3cf-335a-4f1b-ab4e-3a3d014998a3
Neonatal Care Form,Discharge care form :: Sub-Categories of Infection n,Discharge care form,Sub-Categories of Infection n,Tetanus.,Tetanus,,,TUL,Sub-Categories of Infection n,d0a1e3cf-335a-4f1b-ab4e-3a3d014998a3
Neonatal Care Form,Discharge care form :: Sub-Categories of Infection n,Discharge care form,Sub-Categories of Infection n,SARS-CoV-2 (COVID-19),SARS-CoV-2 (COVID-19),,,TUL,Sub-Categories of Infection n,d0a1e3cf-335a-4f1b-ab4e-3a3d014998a3
Neonatal Care Form,Discharge care form :: Sub-Categories of Infection n,Discharge care form,Sub-Categories of Infection n,Other Infection,Other Infection,,,TUL,Sub-Categories of Infection n,d0a1e3cf-335a-4f1b-ab4e-3a3d014998a3
Neonatal Care Form,Discharge care form :: Sub-Categories of Infection n,Discharge care form,Sub-Categories of Infection n,Infection Cause But Not Able to Specify,Infection Cause But Not Able to Specify,,,TUL,Sub-Categories of Infection n,d0a1e3cf-335a-4f1b-ab4e-3a3d014998a3
Neonatal Care Form,Discharge care form :: Sub-Categories of Intrapartum-Related n,Discharge care form,Sub-Categories of Intrapartum-Related n,Neonatal Hypoxic Ischemic Encephalopathy,Neonatal Hypoxic Ischemic Encephalopathy,,,TUL,Sub-Categories of Intrapartum-Related n,1a8f3098-e018-45f1-899c-6b207441c197
Neonatal Care Form,Discharge care form :: Sub-Categories of Intrapartum-Related n,Discharge care form,Sub-Categories of Intrapartum-Related n,Meconium Aspiration,Meconium Aspiration,,,TUL,Sub-Categories of Intrapartum-Related n,1a8f3098-e018-45f1-899c-6b207441c197
Neonatal Care Form,Discharge care form :: Sub-Categories of Intrapartum-Related n,Discharge care form,Sub-Categories of Intrapartum-Related n,Birth Injury (Intrapartum-related),Birth Injury (Intrapartum-related),,,TUL,Sub-Categories of Intrapartum-Related n,1a8f3098-e018-45f1-899c-6b207441c197
Neonatal Care Form,Discharge care form :: Sub-Categories of Intrapartum-Related n,Discharge care form,Sub-Categories of Intrapartum-Related n,Other Intrapartum-Related,Other Intrapartum-Related,,,TUL,Sub-Categories of Intrapartum-Related n,1a8f3098-e018-45f1-899c-6b207441c197
Neonatal Care Form,Discharge care form :: Sub-Categories of Intrapartum-Related n,Discharge care form,Sub-Categories of Intrapartum-Related n,Intrapartum-Related Cause But Not Able to Specify,Intrapartum-Related Cause But Not Able to Specify,,,TUL,Sub-Categories of Intrapartum-Related n,1a8f3098-e018-45f1-899c-6b207441c197
Neonatal Care Form,Discharge care form :: Sub-Categories of Jaundice (Pathological) n,Discharge care form,Sub-Categories of Jaundice (Pathological) n,Requiring Phototherapy,Requiring Phototherapy,,,TUL,Sub-Categories of Jaundice (Pathological) n,92943c92-3dfa-451c-8bff-2c137e7c0fac
Neonatal Care Form,Discharge care form :: Sub-Categories of Jaundice (Pathological) n,Discharge care form,Sub-Categories of Jaundice (Pathological) n,Requiring Exchange Transfusion,Requiring Exchange Transfusion,,,TUL,Sub-Categories of Jaundice (Pathological) n,92943c92-3dfa-451c-8bff-2c137e7c0fac
Neonatal Care Form,Discharge care form :: Sub-Categories of Prematurity n,Discharge care form,Sub-Categories of Prematurity n,Respiratory Distress Syndrome (of Prematurity),Respiratory Distress Syndrome (of Prematurity),,,TUL,Sub-Categories of Prematurity n,74a4e2b1-b643-4bde-a294-cd192e8c6512
Neonatal Care Form,Discharge care form :: Sub-Categories of Prematurity n,Discharge care form,Sub-Categories of Prematurity n,Intraventricular Haemorrhage,Intraventricular Haemorrhage,,,TUL,Sub-Categories of Prematurity n,74a4e2b1-b643-4bde-a294-cd192e8c6512
Neonatal Care Form,Discharge care form :: Sub-Categories of Prematurity n,Discharge care form,Sub-Categories of Prematurity n,Necrotizing Enterocolitis,Necrotizing Enterocolitis,,,TUL,Sub-Categories of Prematurity n,74a4e2b1-b643-4bde-a294-cd192e8c6512
Neonatal Care Form,Discharge care form :: Sub-Categories of Prematurity n,Discharge care form,Sub-Categories of Prematurity n,Other Prematurity,Other Prematurity,,,TUL,Sub-Categories of Prematurity n,74a4e2b1-b643-4bde-a294-cd192e8c6512
Neonatal Care Form,Discharge care form :: Sub-Categories of Prematurity n,Discharge care form,Sub-Categories of Prematurity n,Prematurity Cause But Not Able to Specify,Prematurity Cause But Not Able to Specify,,,TUL,Sub-Categories of Prematurity n,74a4e2b1-b643-4bde-a294-cd192e8c6512
Neonatal Care Form,KMC ward follow up sheet :: Danger sign present,KMC ward follow up sheet,Danger sign present,Fast breathing (≥60 breath per minute),Fast breathing (≥60 breath per minute),,,TUL,Danger sign present,33179cc3-324a-48e0-8f2c-5e640779ad64
Neonatal Care Form,KMC ward follow up sheet :: Danger sign present,KMC ward follow up sheet,Danger sign present,Slow breathing (≤ 30 breath per minute),Slow breathing (≤ 30 breath per minute),,,TUL,Danger sign present,33179cc3-324a-48e0-8f2c-5e640779ad64
Neonatal Care Form,KMC ward follow up sheet :: Danger sign present,KMC ward follow up sheet,Danger sign present,Severe chest indrawing,Severe chest indrawing,,,TUL,Danger sign present,33179cc3-324a-48e0-8f2c-5e640779ad64
Neonatal Care Form,KMC ward follow up sheet :: Danger sign present,KMC ward follow up sheet,Danger sign present,Symptom Grunting,Grunting,,,TUL,Danger sign present,33179cc3-324a-48e0-8f2c-5e640779ad64
Neonatal Care Form,KMC ward follow up sheet :: Danger sign present,KMC ward follow up sheet,Danger sign present,Others,Other,,,TUL,Danger sign present,33179cc3-324a-48e0-8f2c-5e640779ad64
Neonatal Care Form,KMC ward follow up sheet :: DLT or NLT kmc followup,KMC ward follow up sheet,DLT or NLT kmc followup,DLT,DLT,,,TUL,DLT or NLT kmc followup,76c00914-0215-475a-af0c-f582a8097e9d
Neonatal Care Form,KMC ward follow up sheet :: DLT or NLT kmc followup,KMC ward follow up sheet,DLT or NLT kmc followup,NLT,NLT,,,TUL,DLT or NLT kmc followup,76c00914-0215-475a-af0c-f582a8097e9d
Neonatal Care Form,KMC ward follow up sheet :: Floppy or stiff,KMC ward follow up sheet,Floppy or stiff,Floppy,Floppy,,,TUL,Floppy or stiff,af1077ad-ecf4-4ca8-a719-0b27cd00727b
Neonatal Care Form,KMC ward follow up sheet :: Floppy or stiff,KMC ward follow up sheet,Floppy or stiff,Stiff,Stiff,,,TUL,Floppy or stiff,af1077ad-ecf4-4ca8-a719-0b27cd00727b
Neonatal Care Form,KMC ward follow up sheet :: Mode of feeding kmc,KMC ward follow up sheet,Mode of feeding kmc,NG TUBE.,NG tube,,,TUL,Mode of feeding kmc,d768cca5-4544-4667-a98c-2fcd5b1a6bc8
Neonatal Care Form,KMC ward follow up sheet :: Mode of feeding kmc,KMC ward follow up sheet,Mode of feeding kmc,Cup,Cup,,,TUL,Mode of feeding kmc,d768cca5-4544-4667-a98c-2fcd5b1a6bc8
Neonatal Care Form,KMC ward follow up sheet :: Mode of feeding kmc,KMC ward follow up sheet,Mode of feeding kmc,Direct BF,Direct BF,,,TUL,Mode of feeding kmc,d768cca5-4544-4667-a98c-2fcd5b1a6bc8
Neonatal Care Form,KMC ward follow up sheet :: Supplement kmc f,KMC ward follow up sheet,Supplement kmc f,Vit D,Vit D,,,TUL,Supplement?,913d5cf4-70da-4f92-8890-08d9fbbf063b
Neonatal Care Form,KMC ward follow up sheet :: Supplement kmc f,KMC ward follow up sheet,Supplement kmc f,Iron,Iron,,,TUL,Supplement?,913d5cf4-70da-4f92-8890-08d9fbbf063b
Neonatal Care Form,KMC ward follow up sheet :: Type of feed,KMC ward follow up sheet,Type of feed,Breast milk,EBM,,,TUL,Type of feed,aa0e6b79-1839-49ff-8a77-aa5b4f3b2b57
Neonatal Care Form,KMC ward follow up sheet :: Type of feed,KMC ward follow up sheet,Type of feed,EBM+ Fortification,EBM+ Fortification,,,TUL,Type of feed,aa0e6b79-1839-49ff-8a77-aa5b4f3b2b57
Neonatal Care Form,KMC ward follow up sheet :: Type of feed,KMC ward follow up sheet,Type of feed,Formula,Formula,,,TUL,Type of feed,aa0e6b79-1839-49ff-8a77-aa5b4f3b2b57
Neonatal Care Form,KMC ward follow up sheet :: Type of feed,KMC ward follow up sheet,Type of feed,Mixed,Mixed,,,TUL,Type of feed,aa0e6b79-1839-49ff-8a77-aa5b4f3b2b57
Neonatal Care Form,KMC ward follow up sheet :: Urine,KMC ward follow up sheet,Urine,pass,Pass,,,TUL,Urine exam,53a773af-6e78-4a2f-a0af-d45e556aa895
Neonatal Care Form,KMC ward follow up sheet :: Urine,KMC ward follow up sheet,Urine,not pass,Not pass,,,TUL,Urine exam,53a773af-6e78-4a2f-a0af-d45e556aa895
Neonatal Care Form,Medication sheet :: Frequency n,Medication sheet,Frequency n,BID,BID,,,TUL,Ordered medication frequency,a9873051-fcbd-4ca7-9302-5ea0c977a596
Neonatal Care Form,Medication sheet :: Frequency n,Medication sheet,Frequency n,TID,TID,,,TUL,Ordered medication frequency,a9873051-fcbd-4ca7-9302-5ea0c977a596
Neonatal Care Form,Medication sheet :: Frequency n,Medication sheet,Frequency n,QID,QID,,,TUL,Ordered medication frequency,a9873051-fcbd-4ca7-9302-5ea0c977a596
Neonatal Care Form,Medication sheet :: Frequency n,Medication sheet,Frequency n,Every 4 hours,Every 4 hours,,,TUL,Ordered medication frequency,a9873051-fcbd-4ca7-9302-5ea0c977a596
Neonatal Care Form,Medication sheet :: Frequency n,Medication sheet,Frequency n,Every other day,Daily,,,TUL,Ordered medication frequency,a9873051-fcbd-4ca7-9302-5ea0c977a596
Neonatal Care Form,Medication sheet :: Medication route n,Medication sheet,Medication route n,Intravenous,IV,,,TUL,Medication Adminstration route,361371de-92c0-4b6a-9545-76053d35f411
Neonatal Care Form,Medication sheet :: Medication route n,Medication sheet,Medication route n,per os,PO,,,TUL,Medication Adminstration route,361371de-92c0-4b6a-9545-76053d35f411
Neonatal Care Form,Medication sheet :: Medication route n,Medication sheet,Medication route n,Intramuscular,IM,,,TUL,Medication Adminstration route,361371de-92c0-4b6a-9545-76053d35f411
Neonatal Care Form,Neonatal referral form :: COOMB’S test ref,Neonatal referral form,COOMB’S test ref,Negative,Negative,,,TUL,COOMB'S test,4607fbd2-4e40-4e12-910f-958a9a2780ec
Neonatal Care Form,Neonatal referral form :: COOMB’S test ref,Neonatal referral form,COOMB’S test ref,Positive,Positive,,,TUL,COOMB'S test,4607fbd2-4e40-4e12-910f-958a9a2780ec
Neonatal Care Form,Neonatal referral form :: Delivery n,Neonatal referral form,Delivery n,Vaccum Delivery,Vacuum,,,TUL,"PMTCT, Delivery",2e41171c-5cd5-4b70-ad40-b1dfa1f4bb6f
Neonatal Care Form,Neonatal referral form :: Delivery n,Neonatal referral form,Delivery n,Forceps Delivery,Forceps,,,TUL,"PMTCT, Delivery",2e41171c-5cd5-4b70-ad40-b1dfa1f4bb6f
Neonatal Care Form,Neonatal referral form :: Delivery n,Neonatal referral form,Delivery n,Cesarean Section Delivery,Caesarean section,,,TUL,"PMTCT, Delivery",2e41171c-5cd5-4b70-ad40-b1dfa1f4bb6f
Neonatal Care Form,Neonatal referral form :: Delivery n,Neonatal referral form,Delivery n,Normal delivery,SVD,,,TUL,"PMTCT, Delivery",2e41171c-5cd5-4b70-ad40-b1dfa1f4bb6f
Neonatal Care Form,Neonatal referral form :: If done tick what was done,Neonatal referral form,If done tick what was done,supplemental oxygen,Supplemental oxygen,,,TUL,if done tick what was done,688ca16c-2f58-41fd-8426-7c69940e45b2
Neonatal Care Form,Neonatal referral form :: If done tick what was done,Neonatal referral form,If done tick what was done,bag mask ventilation,Bag mask ventilation,,,TUL,if done tick what was done,688ca16c-2f58-41fd-8426-7c69940e45b2
Neonatal Care Form,Neonatal referral form :: If done tick what was done,Neonatal referral form,If done tick what was done,chest compression,Chest compression,,,TUL,if done tick what was done,688ca16c-2f58-41fd-8426-7c69940e45b2
Neonatal Care Form,Neonatal referral form :: If done tick what was done,Neonatal referral form,If done tick what was done,intubation,Intubation,,,TUL,if done tick what was done,688ca16c-2f58-41fd-8426-7c69940e45b2
Neonatal Care Form,Neonatal referral form :: Intra/Inter facility transfer,Neonatal referral form,Intra/Inter facility transfer,Inter facility transfer,Inter facility transfer,,,TUL,Intra/Inter facility transfer,a9d86186-82f2-4f0f-af15-a5c31f292b58
Neonatal Care Form,Neonatal referral form :: Intra/Inter facility transfer,Neonatal referral form,Intra/Inter facility transfer,Intra facility transfer,Intra facility transfer,,,TUL,Intra/Inter facility transfer,a9d86186-82f2-4f0f-af15-a5c31f292b58
Neonatal Care Form,Neonatal referral form :: Mother PICT ref,Neonatal referral form,Mother PICT ref,Negative,Negative,,,TUL,mother PICT,d3570c18-9f1e-4f56-8806-778a39d22017
Neonatal Care Form,Neonatal referral form :: Mother PICT ref,Neonatal referral form,Mother PICT ref,Positive,Positive,,,TUL,mother PICT,d3570c18-9f1e-4f56-8806-778a39d22017
Neonatal Care Form,Neonatal referral form :: Singleton-Multiple,Neonatal referral form,Singleton-Multiple,"SingletonWed, 13 Mar 2024 19:33:01 GMT",Singleton,,,TUL,"Birth Notification, Type of birth",9025f363-29d8-4c24-b0b4-c2c617e5504e
Neonatal Care Form,Neonatal referral form :: Singleton-Multiple,Neonatal referral form,Singleton-Multiple,Twin,Twin,,,TUL,"Birth Notification, Type of birth",9025f363-29d8-4c24-b0b4-c2c617e5504e
Neonatal Care Form,Neonatal referral form :: Singleton-Multiple,Neonatal referral form,Singleton-Multiple,Triplet,Triplet,,,TUL,"Birth Notification, Type of birth",9025f363-29d8-4c24-b0b4-c2c617e5504e
Neonatal Care Form,NICU Admission Careform :: Admission age unit n,NICU Admission Careform,Admission age unit n,Minutes,Minutes,,,TUL,Admission age unit,e03dcbac-b50c-48fc-a500-ad7b236e3f77
Neonatal Care Form,NICU Admission Careform :: Admission age unit n,NICU Admission Careform,Admission age unit n,"ED Triage, Hours",Hours,,,TUL,Admission age unit,e03dcbac-b50c-48fc-a500-ad7b236e3f77
Neonatal Care Form,NICU Admission Careform :: Admission age unit n,NICU Admission Careform,Admission age unit n,Days,Days,,,TUL,Admission age unit,e03dcbac-b50c-48fc-a500-ad7b236e3f77
Neonatal Care Form,NICU Admission Careform :: Amniotic fluid was,NICU Admission Careform,Amniotic fluid was,Unknown,Unknown,,,TUL,Amniotic fluid was,92a95114-17e5-458e-a1c2-76324bd2b6bc
Neonatal Care Form,NICU Admission Careform :: Amniotic fluid was,NICU Admission Careform,Amniotic fluid was,Clear,Clear,,,TUL,Amniotic fluid was,92a95114-17e5-458e-a1c2-76324bd2b6bc
Neonatal Care Form,NICU Admission Careform :: Amniotic fluid was,NICU Admission Careform,Amniotic fluid was,Meconium-stained,Meconium stained,,,TUL,Amniotic fluid was,92a95114-17e5-458e-a1c2-76324bd2b6bc
Neonatal Care Form,NICU Admission Careform :: Amniotic fluid was,NICU Admission Careform,Amniotic fluid was,Foul smelling discharge,Foul smelling discharge,,,TUL,Amniotic fluid was,92a95114-17e5-458e-a1c2-76324bd2b6bc
Neonatal Care Form,NICU Admission Careform :: Any abnormality from System Examination,NICU Admission Careform,Any abnormality from System Examination,HEENT.,HEENT,,,TUL,Any abnormality from System Examination?,8687686b-272c-4ae7-929b-5ec523bd79e6
Neonatal Care Form,NICU Admission Careform :: Any abnormality from System Examination,NICU Admission Careform,Any abnormality from System Examination,NECK.,NECK,,,TUL,Any abnormality from System Examination?,8687686b-272c-4ae7-929b-5ec523bd79e6
Neonatal Care Form,NICU Admission Careform :: Any abnormality from System Examination,NICU Admission Careform,Any abnormality from System Examination,"ayhfp, LGS",LGS,,,TUL,Any abnormality from System Examination?,8687686b-272c-4ae7-929b-5ec523bd79e6
Neonatal Care Form,NICU Admission Careform :: Any abnormality from System Examination,NICU Admission Careform,Any abnormality from System Examination,CHEST.,CHEST,,,TUL,Any abnormality from System Examination?,8687686b-272c-4ae7-929b-5ec523bd79e6
Neonatal Care Form,NICU Admission Careform :: Any abnormality from System Examination,NICU Admission Careform,Any abnormality from System Examination,CVS.,CVS,,,TUL,Any abnormality from System Examination?,8687686b-272c-4ae7-929b-5ec523bd79e6
Neonatal Care Form,NICU Admission Careform :: Any abnormality from System Examination,NICU Admission Careform,Any abnormality from System Examination,Abdomen..,Abdomen,,,TUL,Any abnormality from System Examination?,8687686b-272c-4ae7-929b-5ec523bd79e6
Neonatal Care Form,NICU Admission Careform :: Any abnormality from System Examination,NICU Admission Careform,Any abnormality from System Examination,GENITALIA.,GENITALIA,,,TUL,Any abnormality from System Examination?,8687686b-272c-4ae7-929b-5ec523bd79e6
Neonatal Care Form,NICU Admission Careform :: Any abnormality from System Examination,NICU Admission Careform,Any abnormality from System Examination,Integumentary system,INTEGUMENTARY SYSTEM,,,TUL,Any abnormality from System Examination?,8687686b-272c-4ae7-929b-5ec523bd79e6
Neonatal Care Form,NICU Admission Careform :: Any abnormality from System Examination,NICU Admission Careform,Any abnormality from System Examination,MUSCULOSKELETAL SYSTEM.,MUSCULOSKELETAL SYSTEM,,,TUL,Any abnormality from System Examination?,8687686b-272c-4ae7-929b-5ec523bd79e6
Neonatal Care Form,NICU Admission Careform :: Any abnormality from System Examination,NICU Admission Careform,Any abnormality from System Examination,CENTRAL NERVOUS SYSTEM,CENTRAL NERVOUS SYSTEM,,,TUL,Any abnormality from System Examination?,8687686b-272c-4ae7-929b-5ec523bd79e6
Neonatal Care Form,NICU Admission Careform :: Asphyxia stage,NICU Admission Careform,Asphyxia stage,Stage 1,Stage 1,,,TUL,Asphyxia stage,564dfac8-6f3f-430a-a6ad-427d86ce3ab2
Neonatal Care Form,NICU Admission Careform :: Asphyxia stage,NICU Admission Careform,Asphyxia stage,Stage 2,Stage 2,,,TUL,Asphyxia stage,564dfac8-6f3f-430a-a6ad-427d86ce3ab2
Neonatal Care Form,NICU Admission Careform :: Asphyxia stage,NICU Admission Careform,Asphyxia stage,Stage 3,Stage 3,,,TUL,Asphyxia stage,564dfac8-6f3f-430a-a6ad-427d86ce3ab2
Neonatal Care Form,NICU Admission Careform :: Atm air or with O2,NICU Admission Careform,Atm air or with O2,Atm air,Atm air,,,TUL,Atm air or with O2,57492932-e39f-459b-bd39-71882be2d823
Neonatal Care Form,NICU Admission Careform :: Atm air or with O2,NICU Admission Careform,Atm air or with O2,with O2,with O2,,,TUL,Atm air or with O2,57492932-e39f-459b-bd39-71882be2d823
Neonatal Care Form,NICU Admission Careform :: Birth weight category,NICU Admission Careform,Birth weight category,LGA,LGA,,,TUL,Birth weight category,33a128a2-0ef9-403c-85c6-0b0f2ef69d5a
Neonatal Care Form,NICU Admission Careform :: Birth weight category,NICU Admission Careform,Birth weight category,AGA,AGA,,,TUL,Birth weight category,33a128a2-0ef9-403c-85c6-0b0f2ef69d5a
Neonatal Care Form,NICU Admission Careform :: Birth weight category,NICU Admission Careform,Birth weight category,SGA,SGA,,,TUL,Birth weight category,33a128a2-0ef9-403c-85c6-0b0f2ef69d5a
Neonatal Care Form,NICU Admission Careform :: Blood group and Rh n,NICU Admission Careform,Blood group and Rh n,A+,A+,,,TUL,Blood group and Rh?,f722743b-e0e6-493b-bf3d-96d868e91259
Neonatal Care Form,NICU Admission Careform :: Blood group and Rh n,NICU Admission Careform,Blood group and Rh n,B−,B+,,,TUL,Blood group and Rh?,f722743b-e0e6-493b-bf3d-96d868e91259
Neonatal Care Form,NICU Admission Careform :: Blood group and Rh n,NICU Admission Careform,Blood group and Rh n,AB−,AB+,,,TUL,Blood group and Rh?,f722743b-e0e6-493b-bf3d-96d868e91259
Neonatal Care Form,NICU Admission Careform :: Blood group and Rh n,NICU Admission Careform,Blood group and Rh n,O−,O+,,,TUL,Blood group and Rh?,f722743b-e0e6-493b-bf3d-96d868e91259
Neonatal Care Form,NICU Admission Careform :: Breastfeeding initiated within 1 hr of birth,NICU Admission Careform,Breastfeeding initiated within 1 hr of birth,True,Yes,,,TUL,Breastfeeding initiated within 1 hr of birth,80ba56ae-2e88-492a-9dd5-d91dd9ffe548
Neonatal Care Form,NICU Admission Careform :: Breastfeeding initiated within 1 hr of birth,NICU Admission Careform,Breastfeeding initiated within 1 hr of birth,False,No,,,TUL,Breastfeeding initiated within 1 hr of birth,80ba56ae-2e88-492a-9dd5-d91dd9ffe548
Neonatal Care Form,NICU Admission Careform :: Breastfeeding initiated within 1 hr of birth,NICU Admission Careform,Breastfeeding initiated within 1 hr of birth,Unknown,Unknown,,,TUL,Breastfeeding initiated within 1 hr of birth,80ba56ae-2e88-492a-9dd5-d91dd9ffe548
Neonatal Care Form,NICU Admission Careform :: Cord Chlorhexidine Administered,NICU Admission Careform,Cord Chlorhexidine Administered,True,Yes,,,TUL,Cord Chlorhexidine Administered,9b8be91d-4fc8-4691-9cfa-6e9256a191ad
Neonatal Care Form,NICU Admission Careform :: Cord Chlorhexidine Administered,NICU Admission Careform,Cord Chlorhexidine Administered,False,No,,,TUL,Cord Chlorhexidine Administered,9b8be91d-4fc8-4691-9cfa-6e9256a191ad
Neonatal Care Form,NICU Admission Careform :: Cord Chlorhexidine Administered,NICU Admission Careform,Cord Chlorhexidine Administered,Unknown,Unknown,,,TUL,Cord Chlorhexidine Administered,9b8be91d-4fc8-4691-9cfa-6e9256a191ad
Neonatal Care Form,NICU Admission Careform :: Day/Night Local time,NICU Admission Careform,Day/Night Local time,DLT,DLT,,,TUL,Day/Night Local time,1eeccd71-9195-4548-8427-70faec8317fa
Neonatal Care Form,NICU Admission Careform :: Day/Night Local time,NICU Admission Careform,Day/Night Local time,NLT,NLT,,,TUL,Day/Night Local time,1eeccd71-9195-4548-8427-70faec8317fa
Neonatal Care Form,"NICU Admission Careform :: If Resuscitated, tick what was done",NICU Admission Careform,"If Resuscitated, tick what was done",supplemental oxygen,Supplemental oxygen,,,TUL,"If Resuscitated, tick what was done",4d1487aa-e86f-41d3-9d00-4d67694fc020
Neonatal Care Form,"NICU Admission Careform :: If Resuscitated, tick what was done",NICU Admission Careform,"If Resuscitated, tick what was done",bag mask ventilation,Bag mask ventilation,,,TUL,"If Resuscitated, tick what was done",4d1487aa-e86f-41d3-9d00-4d67694fc020
Neonatal Care Form,"NICU Admission Careform :: If Resuscitated, tick what was done",NICU Admission Careform,"If Resuscitated, tick what was done",chest compression,Chest compression,,,TUL,"If Resuscitated, tick what was done",4d1487aa-e86f-41d3-9d00-4d67694fc020
Neonatal Care Form,"NICU Admission Careform :: If Resuscitated, tick what was done",NICU Admission Careform,"If Resuscitated, tick what was done",Intubation.,Intubation,,,TUL,"If Resuscitated, tick what was done",4d1487aa-e86f-41d3-9d00-4d67694fc020
Neonatal Care Form,"NICU Admission Careform :: If Resuscitated, tick what was done",NICU Admission Careform,"If Resuscitated, tick what was done",Epinephrine,Epinephrine,,,TUL,"If Resuscitated, tick what was done",4d1487aa-e86f-41d3-9d00-4d67694fc020
Neonatal Care Form,"NICU Admission Careform :: If Resuscitated, tick what was done",NICU Admission Careform,"If Resuscitated, tick what was done",Fluid administered.,Fluid administered,,,TUL,"If Resuscitated, tick what was done",4d1487aa-e86f-41d3-9d00-4d67694fc020
Neonatal Care Form,NICU Admission Careform :: if Unknown,NICU Admission Careform,if Unknown,cried immediately,cried immediately,,,TUL,if Unknown,efe47e77-33a9-42a6-aff2-25e3e264ce6a
Neonatal Care Form,NICU Admission Careform :: if Unknown,NICU Admission Careform,if Unknown,not cried immediately,not cried immediately,,,TUL,if Unknown,efe47e77-33a9-42a6-aff2-25e3e264ce6a
Neonatal Care Form,NICU Admission Careform :: Labor was,NICU Admission Careform,Labor was,spontaneous,Spontaneous,,,TUL,Labor was,037ed826-21ea-4e33-9bad-c51ff20d2c69
Neonatal Care Form,NICU Admission Careform :: Labor was,NICU Admission Careform,Labor was,Induced,Induced,,,TUL,Labor was,037ed826-21ea-4e33-9bad-c51ff20d2c69
Neonatal Care Form,NICU Admission Careform :: Labor was,NICU Admission Careform,Labor was,Augmented,Augmented,,,TUL,Labor was,037ed826-21ea-4e33-9bad-c51ff20d2c69
Neonatal Care Form,NICU Admission Careform :: Maternal medication during pregnancy and labor,NICU Admission Careform,Maternal medication during pregnancy and labor,Antibiotic,Antibiotic,,,TUL,Maternal medication during pregnancy and labor,693ee20c-ec97-401f-9340-368d4079846f
Neonatal Care Form,NICU Admission Careform :: Maternal medication during pregnancy and labor,NICU Admission Careform,Maternal medication during pregnancy and labor,Dexamethasone,Dexamethasone,,,TUL,Maternal medication during pregnancy and labor,693ee20c-ec97-401f-9340-368d4079846f
Neonatal Care Form,NICU Admission Careform :: Maternal medication during pregnancy and labor,NICU Admission Careform,Maternal medication during pregnancy and labor,Betamethasone,Betamethasone,,,TUL,Maternal medication during pregnancy and labor,693ee20c-ec97-401f-9340-368d4079846f
Neonatal Care Form,NICU Admission Careform :: Maternal medication during pregnancy and labor,NICU Admission Careform,Maternal medication during pregnancy and labor,Magnesium Sulphate,Magnesium Sulphate,,,TUL,Maternal medication during pregnancy and labor,693ee20c-ec97-401f-9340-368d4079846f
Neonatal Care Form,NICU Admission Careform :: Maternal medication during pregnancy and labor,NICU Admission Careform,Maternal medication during pregnancy and labor,Other Medication,Other Medication,,,TUL,Maternal medication during pregnancy and labor,693ee20c-ec97-401f-9340-368d4079846f
Neonatal Care Form,NICU Admission Careform :: Maternal Status,NICU Admission Careform,Maternal Status,HEIF Alive,Alive,,,TUL,Maternal Status,78ac83c8-42d7-4ecf-895e-54fac94ed8da
Neonatal Care Form,NICU Admission Careform :: Maternal Status,NICU Admission Careform,Maternal Status,Dead,Dead,,,TUL,Maternal Status,78ac83c8-42d7-4ecf-895e-54fac94ed8da
Neonatal Care Form,NICU Admission Careform :: Membrane ruptured,NICU Admission Careform,Membrane ruptured,spontaneously,spontaneously,,,TUL,Membrane Ruptured,bbdc7f6c-fe54-11ea-adc1-0242ac120002
Neonatal Care Form,NICU Admission Careform :: Membrane ruptured,NICU Admission Careform,Membrane ruptured,Artificially,Artificially,,,TUL,Membrane Ruptured,bbdc7f6c-fe54-11ea-adc1-0242ac120002
Neonatal Care Form,NICU Admission Careform :: Mode of delivery n,NICU Admission Careform,Mode of delivery n,Spontaneous Vaginal Delivery,SVD,,,TUL,"Birth Notification, Delivery Type",b54e7717-b2b0-42ce-9693-cc0ba577586e
Neonatal Care Form,NICU Admission Careform :: Mode of delivery n,NICU Admission Careform,Mode of delivery n,Cesarean Section Delivery,Caesarean Section,,,TUL,"Birth Notification, Delivery Type",b54e7717-b2b0-42ce-9693-cc0ba577586e
Neonatal Care Form,NICU Admission Careform :: Mode of delivery n,NICU Admission Careform,Mode of delivery n,Forceps or Vaccum Extractor Delivery,Forceps assisted,,,TUL,"Birth Notification, Delivery Type",b54e7717-b2b0-42ce-9693-cc0ba577586e
Neonatal Care Form,NICU Admission Careform :: Mother HIV status n,NICU Admission Careform,Mother HIV status n,Positive,Positive,,Example: map Bahmni option with trailing dot to DHIS2 option.,TUL,Mother HIV status,4c18b9ae-d1eb-46a9-a905-ca90242d24b7
Neonatal Care Form,NICU Admission Careform :: Mother HIV status n,NICU Admission Careform,Mother HIV status n,Negative,Negative,,Example: map Bahmni option with trailing dot to DHIS2 option.,TUL,Mother HIV status,4c18b9ae-d1eb-46a9-a905-ca90242d24b7
Neonatal Care Form,NICU Admission Careform :: Mothers educational status,NICU Admission Careform,Mothers educational status,Unable to read and write,Unable to read and write,,,TUL,Mothers educational status,018a4f22-2644-4b1c-95d8-829b51468a2a
Neonatal Care Form,NICU Admission Careform :: Mothers educational status,NICU Admission Careform,Mothers educational status,able to read and write,Able to read and write,,,TUL,Mothers educational status,018a4f22-2644-4b1c-95d8-829b51468a2a
Neonatal Care Form,NICU Admission Careform :: Mothers educational status,NICU Admission Careform,Mothers educational status,Primary Education (1-8),Primary Education (1-8),,,TUL,Mothers educational status,018a4f22-2644-4b1c-95d8-829b51468a2a
Neonatal Care Form,NICU Admission Careform :: Mothers educational status,NICU Admission Careform,Mothers educational status,Secondary Education (9-12),Secondary Education (9-12),,,TUL,Mothers educational status,018a4f22-2644-4b1c-95d8-829b51468a2a
Neonatal Care Form,NICU Admission Careform :: Mothers educational status,NICU Admission Careform,Mothers educational status,College and Above,College and Above,,,TUL,Mothers educational status,018a4f22-2644-4b1c-95d8-829b51468a2a
Neonatal Care Form,NICU Admission Careform :: Mothers occupation,NICU Admission Careform,Mothers occupation,Housewife,Housewife,,,TUL,Mothers occupation,1923f2cc-e539-4704-847f-9809a57f2c91
Neonatal Care Form,NICU Admission Careform :: Mothers occupation,NICU Admission Careform,Mothers occupation,Farmer,Farmer,,,TUL,Mothers occupation,1923f2cc-e539-4704-847f-9809a57f2c91
Neonatal Care Form,NICU Admission Careform :: Mothers occupation,NICU Admission Careform,Mothers occupation,Government Employee,Government Employee,,,TUL,Mothers occupation,1923f2cc-e539-4704-847f-9809a57f2c91
Neonatal Care Form,NICU Admission Careform :: Mothers occupation,NICU Admission Careform,Mothers occupation,Self Employed.,Self Employed,,,TUL,Mothers occupation,1923f2cc-e539-4704-847f-9809a57f2c91
Neonatal Care Form,NICU Admission Careform :: Mothers occupation,NICU Admission Careform,Mothers occupation,NGO employed,NGO employed,,,TUL,Mothers occupation,1923f2cc-e539-4704-847f-9809a57f2c91
Neonatal Care Form,NICU Admission Careform :: Mothers occupation,NICU Admission Careform,Mothers occupation,Daily Labour,Daily labour,,,TUL,Mothers occupation,1923f2cc-e539-4704-847f-9809a57f2c91
Neonatal Care Form,NICU Admission Careform :: Mothers occupation,NICU Admission Careform,Mothers occupation,Private company employee,Private company employee,,,TUL,Mothers occupation,1923f2cc-e539-4704-847f-9809a57f2c91
Neonatal Care Form,NICU Admission Careform :: Mothers religion n,NICU Admission Careform,Mothers religion n,Orthodox,Orthodox,,,TUL,Mothers religion,3737a36d-c6be-4bd4-a316-59b897d2898c
Neonatal Care Form,NICU Admission Careform :: Mothers religion n,NICU Admission Careform,Mothers religion n,ACIF R Muslim,Muslim,,,TUL,Mothers religion,3737a36d-c6be-4bd4-a316-59b897d2898c
Neonatal Care Form,NICU Admission Careform :: Mothers religion n,NICU Admission Careform,Mothers religion n,ACIF R Catholic,Catholic,,,TUL,Mothers religion,3737a36d-c6be-4bd4-a316-59b897d2898c
Neonatal Care Form,NICU Admission Careform :: Mothers religion n,NICU Admission Careform,Mothers religion n,other( specify),Other,,,TUL,Mothers religion,3737a36d-c6be-4bd4-a316-59b897d2898c
Neonatal Care Form,NICU Admission Careform :: Place of ANC follow up,NICU Admission Careform,Place of ANC follow up,Health Post,Health Post,,,TUL,Place of ANC follow up,6d7ebfa3-b659-43d9-b4c4-80e827c710b0
Neonatal Care Form,NICU Admission Careform :: Place of ANC follow up,NICU Admission Careform,Place of ANC follow up,Triage Health Center,Health Center,,,TUL,Place of ANC follow up,6d7ebfa3-b659-43d9-b4c4-80e827c710b0
Neonatal Care Form,NICU Admission Careform :: Place of ANC follow up,NICU Admission Careform,Place of ANC follow up,Primary Hospital,Primary Hospital,,,TUL,Place of ANC follow up,6d7ebfa3-b659-43d9-b4c4-80e827c710b0
Neonatal Care Form,NICU Admission Careform :: Place of ANC follow up,NICU Admission Careform,Place of ANC follow up,General hospital,General hospital,,,TUL,Place of ANC follow up,6d7ebfa3-b659-43d9-b4c4-80e827c710b0
Neonatal Care Form,NICU Admission Careform :: Place of ANC follow up,NICU Admission Careform,Place of ANC follow up,Answer Private Hospital,Private hospital,,,TUL,Place of ANC follow up,6d7ebfa3-b659-43d9-b4c4-80e827c710b0
Neonatal Care Form,NICU Admission Careform :: Place of ANC follow up,NICU Admission Careform,Place of ANC follow up,Referral Hospital,Referral Hospital,,,TUL,Place of ANC follow up,6d7ebfa3-b659-43d9-b4c4-80e827c710b0
Neonatal Care Form,NICU Admission Careform :: Place of delivery,NICU Admission Careform,Place of delivery,HVLF Health facility,Inborn,,,TUL,Place of delivery Coded,b859fce2-dff0-11eb-ba80-0242ac130004
Neonatal Care Form,NICU Admission Careform :: Place of delivery,NICU Admission Careform,Place of delivery,ACIF Home,Outborn,,,TUL,Place of delivery Coded,b859fce2-dff0-11eb-ba80-0242ac130004
Neonatal Care Form,NICU Admission Careform :: Place of delivery,NICU Admission Careform,Place of delivery,Other Notes,Outborn,,,TUL,Place of delivery Coded,b859fce2-dff0-11eb-ba80-0242ac130004
Neonatal Care Form,NICU Admission Careform :: Placed skin to skin at birth,NICU Admission Careform,Placed skin to skin at birth,True,Yes,,,TUL,Placed skin to skin at birth,c6686ef2-21d7-4a92-bca1-960099f4c286
Neonatal Care Form,NICU Admission Careform :: Placed skin to skin at birth,NICU Admission Careform,Placed skin to skin at birth,False,No,,,TUL,Placed skin to skin at birth,c6686ef2-21d7-4a92-bca1-960099f4c286
Neonatal Care Form,NICU Admission Careform :: Placed skin to skin at birth,NICU Admission Careform,Placed skin to skin at birth,Unknown,Unknown,,,TUL,Placed skin to skin at birth,c6686ef2-21d7-4a92-bca1-960099f4c286
Neonatal Care Form,NICU Admission Careform :: Received delayed cord clamping,NICU Admission Careform,Received delayed cord clamping,True,Yes,,,TUL,Received delayed cord clamping,2bd57853-669e-4746-88fa-c59f360fbc3c
Neonatal Care Form,NICU Admission Careform :: Received delayed cord clamping,NICU Admission Careform,Received delayed cord clamping,False,No,,,TUL,Received delayed cord clamping,2bd57853-669e-4746-88fa-c59f360fbc3c
Neonatal Care Form,NICU Admission Careform :: Received delayed cord clamping,NICU Admission Careform,Received delayed cord clamping,Unknown,Unknown,,,TUL,Received delayed cord clamping,2bd57853-669e-4746-88fa-c59f360fbc3c
Neonatal Care Form,NICU Admission Careform :: Significant events during current or previous pregnancy,NICU Admission Careform,Significant events during current or previous pregnancy,HDP,HDP,,,TUL,Significant events during current or previous pregnancy,5c05edf9-7fab-4bb2-95d0-71d04569e7fa
Neonatal Care Form,NICU Admission Careform :: Significant events during current or previous pregnancy,NICU Admission Careform,Significant events during current or previous pregnancy,"ED Triage, PROM",PROM,,,TUL,Significant events during current or previous pregnancy,5c05edf9-7fab-4bb2-95d0-71d04569e7fa
Neonatal Care Form,NICU Admission Careform :: Significant events during current or previous pregnancy,NICU Admission Careform,Significant events during current or previous pregnancy,Gestational DM (GDM),GDM,,,TUL,Significant events during current or previous pregnancy,5c05edf9-7fab-4bb2-95d0-71d04569e7fa
Neonatal Care Form,NICU Admission Careform :: Significant events during current or previous pregnancy,NICU Admission Careform,Significant events during current or previous pregnancy,APH,APH,,,TUL,Significant events during current or previous pregnancy,5c05edf9-7fab-4bb2-95d0-71d04569e7fa
Neonatal Care Form,NICU Admission Careform :: Significant events during current or previous pregnancy,NICU Admission Careform,Significant events during current or previous pregnancy,Amniotic fluid abnormalities,Amniotic fluid abnormalities,,,TUL,Significant events during current or previous pregnancy,5c05edf9-7fab-4bb2-95d0-71d04569e7fa
Neonatal Care Form,NICU Admission Careform :: Significant events during current or previous pregnancy,NICU Admission Careform,Significant events during current or previous pregnancy,"HTC, Other reason for test",Others (specify),,,TUL,Significant events during current or previous pregnancy,5c05edf9-7fab-4bb2-95d0-71d04569e7fa
Neonatal Care Form,NICU Admission Careform :: Time of birth NLT or DLT n,NICU Admission Careform,Time of birth NLT or DLT n,DLT,DLT,,,TUL,Time of birth NLT or DLT,6a8f0abf-2c40-4a89-9023-20cd5a67fbec
Neonatal Care Form,NICU Admission Careform :: Time of birth NLT or DLT n,NICU Admission Careform,Time of birth NLT or DLT n,NLT,NLT,,,TUL,Time of birth NLT or DLT,6a8f0abf-2c40-4a89-9023-20cd5a67fbec
Neonatal Care Form,NICU Admission Careform :: Transferred to NICU with,NICU Admission Careform,Transferred to NICU with,Intranasal low flow O2,Intranasal low flow O2,,,TUL,Transferred to NICU with,84fb5426-f123-4e32-99f9-9013ac864f82
Neonatal Care Form,NICU Admission Careform :: Transferred to NICU with,NICU Admission Careform,Transferred to NICU with,CPAP,CPAP,,,TUL,Transferred to NICU with,84fb5426-f123-4e32-99f9-9013ac864f82
Neonatal Care Form,NICU Admission Careform :: Transferred to NICU with,NICU Admission Careform,Transferred to NICU with,Atmospheric air,Atmospheric air,,,TUL,Transferred to NICU with,84fb5426-f123-4e32-99f9-9013ac864f82
Neonatal Care Form,NICU Admission Careform :: Transferred to NICU with,NICU Admission Careform,Transferred to NICU with,Plastic wrap,Plastic wrap,,,TUL,Transferred to NICU with,84fb5426-f123-4e32-99f9-9013ac864f82
Neonatal Care Form,NICU Admission Careform :: Transferred to NICU with,NICU Admission Careform,Transferred to NICU with,STS care,STS care,,,TUL,Transferred to NICU with,84fb5426-f123-4e32-99f9-9013ac864f82
Neonatal Care Form,NICU Admission Careform :: Vitamin K given birth,NICU Admission Careform,Vitamin K given birth,True,Yes,,,TUL,Vitamin K given birth,55f3174c-0c38-4a7a-9c07-1c1c730ba9bf
Neonatal Care Form,NICU Admission Careform :: Vitamin K given birth,NICU Admission Careform,Vitamin K given birth,False,No,,,TUL,Vitamin K given birth,55f3174c-0c38-4a7a-9c07-1c1c730ba9bf
Neonatal Care Form,NICU Admission Careform :: Vitamin K given birth,NICU Admission Careform,Vitamin K given birth,Unknown,Unknown,,,TUL,Vitamin K given birth,55f3174c-0c38-4a7a-9c07-1c1c730ba9bf
Neonatal Care Form,NICU Progress Care Form :: Air entry,NICU Progress Care Form,Air entry,Normal:,Good,,,TUL,Air Entry ER NCP,c2ab9183-645c-4164-a59d-badabfb90b7a
Neonatal Care Form,NICU Progress Care Form :: Air entry,NICU Progress Care Form,Air entry,Decreased Left,Decreased,,,TUL,Air Entry ER NCP,c2ab9183-645c-4164-a59d-badabfb90b7a
Neonatal Care Form,NICU Progress Care Form :: Air entry,NICU Progress Care Form,Air entry,Decreased Right,Decreased,,,TUL,Air Entry ER NCP,c2ab9183-645c-4164-a59d-badabfb90b7a
Neonatal Care Form,NICU Progress Care Form :: Assessment,NICU Progress Care Form,Assessment,The same,The same,,,TUL,Assessment (coded),f7dc6e89-3545-4d1a-961f-1928a5ccd8b6
Neonatal Care Form,NICU Progress Care Form :: Assessment,NICU Progress Care Form,Assessment,Improving,Improving,,,TUL,Assessment (coded),f7dc6e89-3545-4d1a-961f-1928a5ccd8b6
Neonatal Care Form,NICU Progress Care Form :: Assessment,NICU Progress Care Form,Assessment,Deteriorating,Deteriorating,,,TUL,Assessment (coded),f7dc6e89-3545-4d1a-961f-1928a5ccd8b6
Neonatal Care Form,NICU Progress Care Form :: Assessment,NICU Progress Care Form,Assessment,Others,Other,,,TUL,Assessment (coded),f7dc6e89-3545-4d1a-961f-1928a5ccd8b6
Neonatal Care Form,NICU Progress Care Form :: bowl sound,NICU Progress Care Form,bowl sound,Active,Active,,,TUL,bowl sound,4bf25dbe-4624-42de-9bc4-49e871bfb7d1
Neonatal Care Form,NICU Progress Care Form :: bowl sound,NICU Progress Care Form,bowl sound,Decreased,Decreased,,,TUL,bowl sound,4bf25dbe-4624-42de-9bc4-49e871bfb7d1
Neonatal Care Form,NICU Progress Care Form :: bowl sound,NICU Progress Care Form,bowl sound,Absent,Absent,,,TUL,bowl sound,4bf25dbe-4624-42de-9bc4-49e871bfb7d1
Neonatal Care Form,NICU Progress Care Form :: capillary refill,NICU Progress Care Form,capillary refill,less than 3sec,fast,,,TUL,Capillary refill,7adbcce8-16fd-4fd8-9371-2220643749bf
Neonatal Care Form,NICU Progress Care Form :: capillary refill,NICU Progress Care Form,capillary refill,greater than 3 sec,delayed,,,TUL,Capillary refill,7adbcce8-16fd-4fd8-9371-2220643749bf
Neonatal Care Form,NICU Progress Care Form :: General appearance,NICU Progress Care Form,General appearance,Well looking,Well looking,,,TUL,General appearance (Newborn),0f8bf9d6-a6b4-4dac-9175-1124d8f0a907
Neonatal Care Form,NICU Progress Care Form :: General appearance,NICU Progress Care Form,General appearance,ASL,ASL,,,TUL,General appearance (Newborn),0f8bf9d6-a6b4-4dac-9175-1124d8f0a907
Neonatal Care Form,NICU Progress Care Form :: General appearance,NICU Progress Care Form,General appearance,CSL,CSL,,,TUL,General appearance (Newborn),0f8bf9d6-a6b4-4dac-9175-1124d8f0a907
Neonatal Care Form,NICU Progress Care Form :: primitive reflex: Moro,NICU Progress Care Form,primitive reflex: Moro,V03 Complete,Complete,,,TUL,Moro Reflex,6f1e8b4d-d042-40fc-8a58-00e07fd0fef3
Neonatal Care Form,NICU Progress Care Form :: primitive reflex: Moro,NICU Progress Care Form,primitive reflex: Moro,Incomplete,Incomplete,,,TUL,Moro Reflex,6f1e8b4d-d042-40fc-8a58-00e07fd0fef3
Neonatal Care Form,NICU Progress Care Form :: primitive reflex: Moro,NICU Progress Care Form,primitive reflex: Moro,Absent,Absent,,,TUL,Moro Reflex,6f1e8b4d-d042-40fc-8a58-00e07fd0fef3
Neonatal Care Form,NICU Progress Care Form :: primitive reflex: Moro,NICU Progress Care Form,primitive reflex: Moro,Exaggerated,exaggerated,,,TUL,Moro Reflex,6f1e8b4d-d042-40fc-8a58-00e07fd0fef3
Neonatal Care Form,NICU Progress Care Form :: primitive reflex: Suckling,NICU Progress Care Form,primitive reflex: Suckling,Sustained,sustained,,,TUL,Newborn Suckling,8cc17eaa-53e4-4cc9-a715-cac73830e073
Neonatal Care Form,NICU Progress Care Form :: primitive reflex: Suckling,NICU Progress Care Form,primitive reflex: Suckling,Unsustained,unsustained,,,TUL,Newborn Suckling,8cc17eaa-53e4-4cc9-a715-cac73830e073
Neonatal Care Form,NICU Progress Care Form :: primitive reflex: Suckling,NICU Progress Care Form,primitive reflex: Suckling,Absent,absent,,,TUL,Newborn Suckling,8cc17eaa-53e4-4cc9-a715-cac73830e073
Neonatal Care Form,NICU Progress Care Form :: Sign of respiratory distress,NICU Progress Care Form,Sign of respiratory distress,IC/SC retraction,IC/SC retraction,,,TUL,Sign of respiratory distress,e87e27de-8373-466f-8784-493bb4015261
Neonatal Care Form,NICU Progress Care Form :: Sign of respiratory distress,NICU Progress Care Form,Sign of respiratory distress,Chest indrawing,Chest indrawing,,,TUL,Sign of respiratory distress,e87e27de-8373-466f-8784-493bb4015261
Neonatal Care Form,NICU Progress Care Form :: Sign of respiratory distress,NICU Progress Care Form,Sign of respiratory distress,Nasal flaring,Nasal flaring,,,TUL,Sign of respiratory distress,e87e27de-8373-466f-8784-493bb4015261
Neonatal Care Form,NICU Progress Care Form :: Sign of respiratory distress,NICU Progress Care Form,Sign of respiratory distress,Others,Other,,,TUL,Sign of respiratory distress,e87e27de-8373-466f-8784-493bb4015261
Neonatal Care Form,NICU Progress Care Form :: Type of feeding,NICU Progress Care Form,Type of feeding,NPO,NPO,,,TUL,Feeding type,6d86fe78-7f8c-4426-bed8-449ad32b68be
Neonatal Care Form,NICU Progress Care Form :: Type of feeding,NICU Progress Care Form,Type of feeding,Open drainage,Open drainage,,,TUL,Feeding type,6d86fe78-7f8c-4426-bed8-449ad32b68be
Neonatal Care Form,NICU Progress Care Form :: Type of feeding,NICU Progress Care Form,Type of feeding,EBM,Exclusive Breast milk,,,TUL,Feeding type,6d86fe78-7f8c-4426-bed8-449ad32b68be
Neonatal Care Form,NICU Progress Care Form :: Type of feeding,NICU Progress Care Form,Type of feeding,Formula,Formula,,,TUL,Feeding type,6d86fe78-7f8c-4426-bed8-449ad32b68be
Neonatal Care Form,NICU Progress Care Form :: Type of feeding,NICU Progress Care Form,Type of feeding,Maintenance fluid,Maintenance fluid,,,TUL,Feeding type,6d86fe78-7f8c-4426-bed8-449ad32b68be
Neonatal Care Form,NICU Progress Care Form :: Type of feeding,NICU Progress Care Form,Type of feeding,Trophic,Trophic,,,TUL,Feeding type,6d86fe78-7f8c-4426-bed8-449ad32b68be
Neonatal Care Form,NICU Progress Care Form :: Type of respiratory support,NICU Progress Care Form,Type of respiratory support,Head Hood,Head Hood,,,TUL,Type of respiratory support,ee59b719-fdce-41b4-b1cd-fc209e236559
Neonatal Care Form,NICU Progress Care Form :: Type of respiratory support,NICU Progress Care Form,Type of respiratory support,CPAP.,CPAP,,,TUL,Type of respiratory support,ee59b719-fdce-41b4-b1cd-fc209e236559
Neonatal Care Form,NICU Progress Care Form :: Type of respiratory support,NICU Progress Care Form,Type of respiratory support,ECHO MV,MV,,,TUL,Type of respiratory support,ee59b719-fdce-41b4-b1cd-fc209e236559
Neonatal Care Form,Nurse followup Sheet :: Mode of feeding,Nurse followup Sheet,Mode of feeding,Direct,direct,,,TUL,Mode of feeding,5d415433-0049-4c52-98da-770602b2cab6
Neonatal Care Form,Nurse followup Sheet :: Mode of feeding,Nurse followup Sheet,Mode of feeding,Cup,cup,,,TUL,Mode of feeding,5d415433-0049-4c52-98da-770602b2cab6
Neonatal Care Form,Nurse followup Sheet :: Mode of feeding,Nurse followup Sheet,Mode of feeding,NG TUBE.,Ng tube,,,TUL,Mode of feeding,5d415433-0049-4c52-98da-770602b2cab6
Neonatal Care Form,Nurse followup Sheet :: Mode of feeding,Nurse followup Sheet,Mode of feeding,orogastric,orogastric,,,TUL,Mode of feeding,5d415433-0049-4c52-98da-770602b2cab6
Neonatal Care Form,Nurse followup Sheet :: Mode of feeding,Nurse followup Sheet,Mode of feeding,MF,MF,,,TUL,Mode of feeding,5d415433-0049-4c52-98da-770602b2cab6
Maternal Inpatient Data,Tracked Entity Attributes :: Occupation,Tracked Entity Attributes,Occupation,Non-governmental Organization,NGO employed,,,TUL,Occupation,c221869a-3f10-11e4-adec-0800271c1b75
Maternal Inpatient Data,Tracked Entity Attributes :: Occupation,Tracked Entity Attributes,Occupation,Self employed,Self Employed,,,TUL,Occupation,c221869a-3f10-11e4-adec-0800271c1b75
Maternal Inpatient Data,Tracked Entity Attributes :: Occupation,Tracked Entity Attributes,Occupation,Daily Labour,Daily Laborer,,,TUL,Occupation,c221869a-3f10-11e4-adec-0800271c1b75
Maternal Inpatient Data,Tracked Entity Attributes :: Occupation,Tracked Entity Attributes,Occupation,Housewife,House Wife,,,TUL,Occupation,c221869a-3f10-11e4-adec-0800271c1b75
Maternal Inpatient Data,MGSO4 follow up :: Dose for LOADING Dose 14GM mgso4,MGSO4 follow up,Dose for LOADING Dose 14GM mgso4,4g MgSo4in 12m ln N/S,4g MgSo4in 12m ln N/S,,,TUL,Dose for LOADING Dose 14GM mgso4,3cad238d-7e0e-4d01-a116-e5cfed8b758d
Maternal Inpatient Data,MGSO4 follow up :: Drug type mgso4,MGSO4 follow up,Drug type mgso4,LOADING Dose 4gm IV + 10gm IM,LOADING Dose 4gm IV + 10gm IM,,,TUL,Drug type mgso4,eab24c09-112c-4e9b-bea4-62b081048a9e
Maternal Inpatient Data,MGSO4 follow up :: Drug type mgso4,MGSO4 follow up,Drug type mgso4,Maintenance,Maintenance,,,TUL,Drug type mgso4,eab24c09-112c-4e9b-bea4-62b081048a9e
Maternal Inpatient Data,MGSO4 follow up :: Drug type mgso4,MGSO4 follow up,Drug type mgso4,If convulsion Re occur/15min,If convulsion Re occur/15min,,,TUL,Drug type mgso4,eab24c09-112c-4e9b-bea4-62b081048a9e
Maternal Inpatient Data,MGSO4 follow up :: Drug type mgso4,MGSO4 follow up,Drug type mgso4,Maintenance Post delivery,Maintenance Post delivery,,,TUL,Drug type mgso4,eab24c09-112c-4e9b-bea4-62b081048a9e
Maternal Inpatient Data,MGSO4 follow up :: DTR mgso4,MGSO4 follow up,DTR mgso4,Absent,Absent,,,TUL,DTR mgso4,ac7f8f45-d5c0-4429-b8f8-911711ca0371
Maternal Inpatient Data,MGSO4 follow up :: DTR mgso4,MGSO4 follow up,DTR mgso4,Present,Present,,,TUL,DTR mgso4,ac7f8f45-d5c0-4429-b8f8-911711ca0371
Maternal Inpatient Data,MGSO4 follow up :: If convulsion Re occur/15min dose mgso4,MGSO4 follow up,If convulsion Re occur/15min dose mgso4,2g,2g,,,TUL,If convulsion Re occur/15min dose mgso4,17b1bd57-88a5-4f17-9820-ca83c621f04b
Maternal Inpatient Data,MGSO4 follow up :: Injection Site mgso4,MGSO4 follow up,Injection Site mgso4,Right Leg Thigh,Right Leg Thigh,,,TUL,Injection Site mgso4,968ece20-e738-4a3d-8b30-4b07030b29e5
Maternal Inpatient Data,MGSO4 follow up :: Injection Site mgso4,MGSO4 follow up,Injection Site mgso4,Left Leg Thigh,Left Leg Thigh,,,TUL,Injection Site mgso4,968ece20-e738-4a3d-8b30-4b07030b29e5
Maternal Inpatient Data,MGSO4 follow up :: Maintenance dose mgso4,MGSO4 follow up,Maintenance dose mgso4,5gm,5gm,,,TUL,Maintenance dose mgso4,8ad127da-154a-43fd-a41c-05a980b80231
Maternal Inpatient Data,MGSO4 follow up :: Maintenance dose mgso4,MGSO4 follow up,Maintenance dose mgso4,2.5gm,2.5gm,,,TUL,Maintenance dose mgso4,8ad127da-154a-43fd-a41c-05a980b80231
Maternal Inpatient Data,MGSO4 follow up :: Maintenance dose mgso4,MGSO4 follow up,Maintenance dose mgso4,not given,Not Given,,,TUL,Maintenance dose mgso4,8ad127da-154a-43fd-a41c-05a980b80231
Maternal Inpatient Data,MGSO4 follow up :: Maintenance Post delivery dose mgso4,MGSO4 follow up,Maintenance Post delivery dose mgso4,1st,1st,,,TUL,Maintenance Post delivery dose mgso4,7b7209e4-6628-465a-a230-b5a61a32c4c8
Maternal Inpatient Data,MGSO4 follow up :: Maintenance Post delivery dose mgso4,MGSO4 follow up,Maintenance Post delivery dose mgso4,2nd,2nd,,,TUL,Maintenance Post delivery dose mgso4,7b7209e4-6628-465a-a230-b5a61a32c4c8
Maternal Inpatient Data,MGSO4 follow up :: Maintenance Post delivery dose mgso4,MGSO4 follow up,Maintenance Post delivery dose mgso4,3rd,3rd,,,TUL,Maintenance Post delivery dose mgso4,7b7209e4-6628-465a-a230-b5a61a32c4c8
Maternal Inpatient Data,MGSO4 follow up :: Maintenance Post delivery dose mgso4,MGSO4 follow up,Maintenance Post delivery dose mgso4,4th,4th,,,TUL,Maintenance Post delivery dose mgso4,7b7209e4-6628-465a-a230-b5a61a32c4c8
Maternal Inpatient Data,MGSO4 follow up :: Maintenance Post delivery dose mgso4,MGSO4 follow up,Maintenance Post delivery dose mgso4,5th,5th,,,TUL,Maintenance Post delivery dose mgso4,7b7209e4-6628-465a-a230-b5a61a32c4c8
Maternal Inpatient Data,MGSO4 follow up :: Maintenance Post delivery dose mgso4,MGSO4 follow up,Maintenance Post delivery dose mgso4,6th.,6th,,,TUL,Maintenance Post delivery dose mgso4,7b7209e4-6628-465a-a230-b5a61a32c4c8
Maternal Inpatient Data,MGSO4 follow up :: Route given mgso4,MGSO4 follow up,Route given mgso4,IM.,IM,,,TUL,Route given mgso4,5a23fe39-9029-4c9c-a905-941879611c25
Maternal Inpatient Data,MGSO4 follow up :: Route given mgso4,MGSO4 follow up,Route given mgso4,IV,IV,,,TUL,Route given mgso4,5a23fe39-9029-4c9c-a905-941879611c25
Maternal Inpatient Data,Pain Management :: Modified pain score PM,Pain Management,Modified pain score PM,Mild: 1-3,Mild: 1-3,,,TUL,Modified pain score,46bcc330-db28-410f-848b-ed5fe76bfa36
Maternal Inpatient Data,Pain Management :: Modified pain score PM,Pain Management,Modified pain score PM,Moderate: 4-6,Moderate: 4-6,,,TUL,Modified pain score,46bcc330-db28-410f-848b-ed5fe76bfa36
Maternal Inpatient Data,Pain Management :: Modified pain score PM,Pain Management,Modified pain score PM,Severe: 7-10,Severe: 7-10,,,TUL,Modified pain score,46bcc330-db28-410f-848b-ed5fe76bfa36
Maternal Inpatient Data,Pain Management :: Pain managed with PM,Pain Management,Pain managed with PM,Morphine Q Hrs.,Morphine Q Hrs.,,,TUL,Pain managed with?,8a405bd4-3d96-459f-89d5-250b66b7f66c
Maternal Inpatient Data,Pain Management :: Pain managed with PM,Pain Management,Pain managed with PM,Tramadol Q Hrs.,Tramadol Q Hrs.,,,TUL,Pain managed with?,8a405bd4-3d96-459f-89d5-250b66b7f66c
Maternal Inpatient Data,Pain Management :: Pain managed with PM,Pain Management,Pain managed with PM,Diclo Q 12 Hrs.,Diclo Q 12 Hrs.,,,TUL,Pain managed with?,8a405bd4-3d96-459f-89d5-250b66b7f66c
Maternal Inpatient Data,Pain Management :: Pain managed with PM,Pain Management,Pain managed with PM,Pethidine,Pethidine,,,TUL,Pain managed with?,8a405bd4-3d96-459f-89d5-250b66b7f66c
Maternal Inpatient Data,Pain Management :: Pain managed with PM,Pain Management,Pain managed with PM,Paracetamol,Paracetamol,,,TUL,Pain managed with?,8a405bd4-3d96-459f-89d5-250b66b7f66c
Maternal Inpatient Data,Physical Examination :: Lie,Physical Examination,Lie,Longitudinal lda,Longitudinal,,,TUL,Lie?,4a621d3f-bf99-4ac2-99ac-433ea7729551
Maternal Inpatient Data,Physical Examination :: Lie,Physical Examination,Lie,Transverse,Transverse,,,TUL,Lie?,4a621d3f-bf99-4ac2-99ac-433ea7729551
Maternal Inpatient Data,Physical Examination :: Lie,Physical Examination,Lie,oblique lda,Oblique,,,TUL,Lie?,4a621d3f-bf99-4ac2-99ac-433ea7729551
Maternal Inpatient Data,Physical Examination :: Meconium,Physical Examination,Meconium,Grade 1 MSAF,Grade 1 MSAF,,,TUL,Meconium,e7920a91-8688-404a-96f5-415cec412e41
Maternal Inpatient Data,Physical Examination :: Meconium,Physical Examination,Meconium,Grade 2 MSAF,Grade 2 MSAF,,,TUL,Meconium,e7920a91-8688-404a-96f5-415cec412e41
Maternal Inpatient Data,Physical Examination :: Meconium,Physical Examination,Meconium,Grade 3 MSAF,Grade 3 MSAF,,,TUL,Meconium,e7920a91-8688-404a-96f5-415cec412e41
Maternal Inpatient Data,Physical Examination :: Membrane Status,Physical Examination,Membrane Status,Intact membrane,I,,,TUL,Membrane status,fcfc9630-f320-4b44-81e9-0c441b248a6e
Maternal Inpatient Data,Physical Examination :: Membrane Status,Physical Examination,Membrane Status,PPROM,R,,,TUL,Membrane status,fcfc9630-f320-4b44-81e9-0c441b248a6e
Maternal Inpatient Data,Physical Examination :: Membrane Status,Physical Examination,Membrane Status,"ED Triage, PROM",R,,,TUL,Membrane status,fcfc9630-f320-4b44-81e9-0c441b248a6e
Maternal Inpatient Data,Physical Examination :: Membrane Status,Physical Examination,Membrane Status,Ruptured membrane,R,,,TUL,Membrane status,fcfc9630-f320-4b44-81e9-0c441b248a6e
Maternal Inpatient Data,Physical Examination :: Raptured,Physical Examination,Raptured,Dry,Dry,,,TUL,Raptured,25b6950f-c4c7-47a0-8e9c-377f39f196b7
Maternal Inpatient Data,Physical Examination :: Raptured,Physical Examination,Raptured,Clear amniotic fluid,Clear amniotic fluid,,,TUL,Raptured,25b6950f-c4c7-47a0-8e9c-377f39f196b7
Maternal Inpatient Data,Physical Examination :: Raptured,Physical Examination,Raptured,Bloody,Bloody,,,TUL,Raptured,25b6950f-c4c7-47a0-8e9c-377f39f196b7
Maternal Inpatient Data,Physical Examination :: Raptured,Physical Examination,Raptured,Meconium,Meconium,,,TUL,Raptured,25b6950f-c4c7-47a0-8e9c-377f39f196b7
Maternal Inpatient Data,Physical Examination :: Twin A Presentation,Physical Examination,Twin A Presentation,Cephalic,Cephalic,,,TUL,Twin A Presentation,e4f7ff56-8e80-4785-b252-5473821a0dc5
Maternal Inpatient Data,Physical Examination :: Twin A Presentation,Physical Examination,Twin A Presentation,Transverse lie,Transverse lie,,,TUL,Twin A Presentation,e4f7ff56-8e80-4785-b252-5473821a0dc5
Maternal Inpatient Data,Physical Examination :: Twin A Presentation,Physical Examination,Twin A Presentation,Brow,Brow,,,TUL,Twin A Presentation,e4f7ff56-8e80-4785-b252-5473821a0dc5
Maternal Inpatient Data,Physical Examination :: Twin A Presentation,Physical Examination,Twin A Presentation,Face.,Face,,,TUL,Twin A Presentation,e4f7ff56-8e80-4785-b252-5473821a0dc5
Maternal Inpatient Data,Physical Examination :: Twin A Presentation,Physical Examination,Twin A Presentation,Frank breech,Frank breech,,,TUL,Twin A Presentation,e4f7ff56-8e80-4785-b252-5473821a0dc5
Maternal Inpatient Data,Physical Examination :: Twin A Presentation,Physical Examination,Twin A Presentation,Complete breech,Complete breech,,,TUL,Twin A Presentation,e4f7ff56-8e80-4785-b252-5473821a0dc5
Maternal Inpatient Data,Physical Examination :: Twin A Presentation,Physical Examination,Twin A Presentation,Footling breech,Footling breech,,,TUL,Twin A Presentation,e4f7ff56-8e80-4785-b252-5473821a0dc5
Maternal Inpatient Data,Physical Examination :: Twin A Presentation,Physical Examination,Twin A Presentation,Cord,Cord,,,TUL,Twin A Presentation,e4f7ff56-8e80-4785-b252-5473821a0dc5
Maternal Inpatient Data,Physical Examination :: Twin A Presentation,Physical Examination,Twin A Presentation,Shoulder.,Shoulder,,,TUL,Twin A Presentation,e4f7ff56-8e80-4785-b252-5473821a0dc5
Maternal Inpatient Data,Physical Examination :: Twin A Presentation,Physical Examination,Twin A Presentation,Compound,Compound,,,TUL,Twin A Presentation,e4f7ff56-8e80-4785-b252-5473821a0dc5
Maternal Inpatient Data,Physical Examination :: Twin B Presentation,Physical Examination,Twin B Presentation,Cephalic,Cephalic,,,TUL,Twin B Presentation,8b6475a6-f1cb-431a-b868-efb7611a4cdf
Maternal Inpatient Data,Physical Examination :: Twin B Presentation,Physical Examination,Twin B Presentation,Transverse lie,Transverse lie,,,TUL,Twin B Presentation,8b6475a6-f1cb-431a-b868-efb7611a4cdf
Maternal Inpatient Data,Physical Examination :: Twin B Presentation,Physical Examination,Twin B Presentation,Brow,Brow,,,TUL,Twin B Presentation,8b6475a6-f1cb-431a-b868-efb7611a4cdf
Maternal Inpatient Data,Physical Examination :: Twin B Presentation,Physical Examination,Twin B Presentation,Face.,Face,,,TUL,Twin B Presentation,8b6475a6-f1cb-431a-b868-efb7611a4cdf
Maternal Inpatient Data,Physical Examination :: Twin B Presentation,Physical Examination,Twin B Presentation,Frank breech,Frank breech,,,TUL,Twin B Presentation,8b6475a6-f1cb-431a-b868-efb7611a4cdf
Maternal Inpatient Data,Physical Examination :: Twin B Presentation,Physical Examination,Twin B Presentation,Complete breech,Complete breech,,,TUL,Twin B Presentation,8b6475a6-f1cb-431a-b868-efb7611a4cdf
Maternal Inpatient Data,Physical Examination :: Twin B Presentation,Physical Examination,Twin B Presentation,Footling breech,Footling breech,,,TUL,Twin B Presentation,8b6475a6-f1cb-431a-b868-efb7611a4cdf
Maternal Inpatient Data,Physical Examination :: Twin B Presentation,Physical Examination,Twin B Presentation,Cord,Cord,,,TUL,Twin B Presentation,8b6475a6-f1cb-431a-b868-efb7611a4cdf
Maternal Inpatient Data,Physical Examination :: Twin B Presentation,Physical Examination,Twin B Presentation,Shoulder.,Shoulder,,,TUL,Twin B Presentation,8b6475a6-f1cb-431a-b868-efb7611a4cdf
Maternal Inpatient Data,Physical Examination :: Twin B Presentation,Physical Examination,Twin B Presentation,Compound,Compound,,,TUL,Twin B Presentation,8b6475a6-f1cb-431a-b868-efb7611a4cdf
Maternal Inpatient Data,Postpartum care :: Feeding Option pp,Postpartum care,Feeding Option pp,Breast milk,EBF – Exclusive Breastfeeding,,,TUL,Feeding option?,5ce3e4bf-c41a-4d8d-bb22-2e758f611b36
Maternal Inpatient Data,Postpartum care :: Feeding Option pp,Postpartum care,Feeding Option pp,Formula milk,ERF - Exclusive Replacement Feeding,,,TUL,Feeding option?,5ce3e4bf-c41a-4d8d-bb22-2e758f611b36
Maternal Inpatient Data,Postpartum care :: FP Counseling and Method Provided pp,Postpartum care,FP Counseling and Method Provided pp,Pills,Pills,,,TUL,FP Counseling and Method Provided?,9e9924a5-d6c5-40dd-a26f-43a30eb0559f
Maternal Inpatient Data,Postpartum care :: FP Counseling and Method Provided pp,Postpartum care,FP Counseling and Method Provided pp,Injectables,Injectables,,,TUL,FP Counseling and Method Provided?,9e9924a5-d6c5-40dd-a26f-43a30eb0559f
Maternal Inpatient Data,Postpartum care :: FP Counseling and Method Provided pp,Postpartum care,FP Counseling and Method Provided pp,Implants,Implants,,,TUL,FP Counseling and Method Provided?,9e9924a5-d6c5-40dd-a26f-43a30eb0559f
Maternal Inpatient Data,Postpartum care :: FP Counseling and Method Provided pp,Postpartum care,FP Counseling and Method Provided pp,IUCD,IUCD,,,TUL,FP Counseling and Method Provided?,9e9924a5-d6c5-40dd-a26f-43a30eb0559f
Maternal Inpatient Data,Postpartum care :: FP Counseling and Method Provided pp,Postpartum care,FP Counseling and Method Provided pp,Condom,Condom,,,TUL,FP Counseling and Method Provided?,9e9924a5-d6c5-40dd-a26f-43a30eb0559f
Maternal Inpatient Data,Postpartum care :: FP Counseling and Method Provided pp,Postpartum care,FP Counseling and Method Provided pp,Counseled only,Counseled only,,,TUL,FP Counseling and Method Provided?,9e9924a5-d6c5-40dd-a26f-43a30eb0559f
Maternal Inpatient Data,Postpartum care :: HIV Test Result pp,Postpartum care,HIV Test Result pp,ACIF IFS HT NR,Negative,,,TUL,ACIF IFS HIV test Result,b85a57fa-dff0-11eb-ba80-0242ac130004
Maternal Inpatient Data,Postpartum care :: HIV Test Result pp,Postpartum care,HIV Test Result pp,R,Positive,,,TUL,ACIF IFS HIV test Result,b85a57fa-dff0-11eb-ba80-0242ac130004
Maternal Inpatient Data,Stillbirth Evaluation :: Mode of stillbirth delivery,Stillbirth Evaluation,Mode of stillbirth delivery,Vaginal Delivery (VD),Vaginal Delivery (VD),,,TUL,Mode of stillbirth delivery,6eb17365-f7ae-493a-8846-2eb6bda49d00
Maternal Inpatient Data,Stillbirth Evaluation :: Mode of stillbirth delivery,Stillbirth Evaluation,Mode of stillbirth delivery,Cesarean Delivery (CD),Cesarean Delivery (CD),,,TUL,Mode of stillbirth delivery,6eb17365-f7ae-493a-8846-2eb6bda49d00
Maternal Inpatient Data,Stillbirth Evaluation :: Mode of stillbirth delivery,Stillbirth Evaluation,Mode of stillbirth delivery,Destructive,Destructive,,,TUL,Mode of stillbirth delivery,6eb17365-f7ae-493a-8846-2eb6bda49d00
Maternal Inpatient Data,Stillbirth Evaluation :: Mode of stillbirth delivery,Stillbirth Evaluation,Mode of stillbirth delivery,Breech,Breech,,,TUL,Mode of stillbirth delivery,6eb17365-f7ae-493a-8846-2eb6bda49d00
Maternal Inpatient Data,Stillbirth Evaluation :: Placenta Shape,Stillbirth Evaluation,Placenta Shape,Discoid,Discoid,,,TUL,Placenta Shape,fd4e0ccf-a32f-4334-b02f-50f3b7e6b961
Maternal Inpatient Data,Stillbirth Evaluation :: Placenta Shape,Stillbirth Evaluation,Placenta Shape,Oval,Oval,,,TUL,Placenta Shape,fd4e0ccf-a32f-4334-b02f-50f3b7e6b961
Maternal Inpatient Data,Stillbirth Evaluation :: Placenta Shape,Stillbirth Evaluation,Placenta Shape,Bilobed,Bilobed,,,TUL,Placenta Shape,fd4e0ccf-a32f-4334-b02f-50f3b7e6b961
Maternal Inpatient Data,TOLAC CHART :: Contraction Type VBAC,TOLAC CHART,Contraction Type VBAC,Irregular,Irregular,,,TUL,Contraction Type,281f204c-dd30-47a2-9005-d8ad2e433921
Maternal Inpatient Data,TOLAC CHART :: Contraction Type VBAC,TOLAC CHART,Contraction Type VBAC,Regular,Regular,,,TUL,Contraction Type,281f204c-dd30-47a2-9005-d8ad2e433921
Maternal Inpatient Data,Tracked Entity Attributes :: Education level,Tracked Entity Attributes,Education level,Uneducated,Unable to read and write,,,TUL,Education Details,c2084e7b-3f10-11e4-adec-0800271c1b75
Maternal Inpatient Data,Tracked Entity Attributes :: Education level,Tracked Entity Attributes,Education level,5th Pass and Below,Able to read and write,,,TUL,Education Details,c2084e7b-3f10-11e4-adec-0800271c1b75
Maternal Inpatient Data,Tracked Entity Attributes :: Education level,Tracked Entity Attributes,Education level,6th to 9th,Primary Education (1-8),,,TUL,Education Details,c2084e7b-3f10-11e4-adec-0800271c1b75
Maternal Inpatient Data,Tracked Entity Attributes :: Education level,Tracked Entity Attributes,Education level,10th pass,Secondary Education (9-12),,,TUL,Education Details,c2084e7b-3f10-11e4-adec-0800271c1b75
Maternal Inpatient Data,Tracked Entity Attributes :: Education level,Tracked Entity Attributes,Education level,12th pass,Secondary Education (9-12),,,TUL,Education Details,c2084e7b-3f10-11e4-adec-0800271c1b75
Maternal Inpatient Data,Tracked Entity Attributes :: Education level,Tracked Entity Attributes,Education level,Graduate and Above,College and Above,,,TUL,Education Details,c2084e7b-3f10-11e4-adec-0800271c1b75
