"program","stage_name","data_element_name","target_header","source_name","form_name","data_type","org_unit","reason"
"Neonatal Care Form/QYJKpoUeg9F","NICU Admission Careform","Referring health facility","NICU Admission Careform :: Referring health facility","Referring hospital [Neonatal Admission Care Form]","Referring health facility","TEXT","","No matching export column found in the same program stage/form."
"Neonatal Care Form/QYJKpoUeg9F","NICU Admission Careform","Gestational age at delivery remaining days","NICU Admission Careform :: Gestational age at delivery remaining days","Gestational age at delivery remaining days [Neonatal Admission Care Form]","Gestational age at delivery (remaining days)","INTEGER_ZERO_OR_POSITIVE","","No matching export column found in the same program stage/form."
"Neonatal Care Form/QYJKpoUeg9F","NICU Admission Careform","amenorrheic for how many months","NICU Admission Careform :: amenorrheic for how many months","amenorrheic for how many months [Neonatal Admission Care Form]","amenorrheic for how many months","INTEGER_ZERO_OR_POSITIVE","","No matching export column found in the same program stage/form."
"Neonatal Care Form/QYJKpoUeg9F","NICU Admission Careform","Blood sugar level at admission","NICU Admission Careform :: Blood sugar level at admission","Blood sugar level at admission [Neonatal Admission Care Form]","Blood sugar level at admission","INTEGER_ZERO_OR_POSITIVE","","No matching export column found in the same program stage/form."
"Neonatal Care Form/QYJKpoUeg9F","NICU Admission Careform","ASSESSMENT n","NICU Admission Careform :: ASSESSMENT n","Assessment Notes [Neonatal Admission Care Form]","ASSESSMENT","LONG_TEXT","","No matching export column found in the same program stage/form."
"Neonatal Care Form/QYJKpoUeg9F","NICU Admission Careform","Atm air or with O2","NICU Admission Careform :: Atm air or with O2","Atm air or with O2 [Neonatal Admission Care Form]","Atm air or with O2","TEXT","","No matching export column found in the same program stage/form."
"Neonatal Care Form/QYJKpoUeg9F","NICU Admission Careform","if Unknown","NICU Admission Careform :: if Unknown","if Unknown [Neonatal Admission Care Form]","if Unknown","TEXT","","No matching export column found in the same program stage/form."
"Neonatal Care Form/QYJKpoUeg9F","Progress care form for Referral Hospitals","Active DX","Progress care form for Referral Hospitals :: Active DX","Active DX [NICU Progress Care Form]","Active DX","TEXT","","No matching export column found in the same program stage/form."
"Neonatal Care Form/QYJKpoUeg9F","Progress care form for Referral Hospitals","Resolved DX","Progress care form for Referral Hospitals :: Resolved DX","Resolved DX [NICU Progress Care Form]","Resolved DX","TEXT","","No matching export column found in the same program stage/form."
"Neonatal Care Form/QYJKpoUeg9F","Progress care form for Referral Hospitals","Day of life / GA /cGA","Progress care form for Referral Hospitals :: Day of life / GA /cGA","Day of life / GA /cGA [NICU Progress Care Form]","Day of life / GA /cGA","INTEGER_ZERO_OR_POSITIVE","","No matching export column found in the same program stage/form."
"Neonatal Care Form/QYJKpoUeg9F","Progress care form for Referral Hospitals","Temperature ref prog","Progress care form for Referral Hospitals :: Temperature ref prog","Temperature [NICU Progress Care Form]","Temperature","NUMBER","","No matching export column found in the same program stage/form."
"Neonatal Care Form/QYJKpoUeg9F","Progress care form for Referral Hospitals","Site / Infiltration","Progress care form for Referral Hospitals :: Site / Infiltration","Site / Infiltration [NICU Progress Care Form]","Site / Infiltration","TEXT","","No matching export column found in the same program stage/form."
"Neonatal Care Form/QYJKpoUeg9F","Progress care form for Referral Hospitals","Skin Color (Jaundice, Pallor…)","Progress care form for Referral Hospitals :: Skin Color (Jaundice, Pallor…)","Skin Color (Jaundice; Pallor…) [NICU Progress Care Form]","Skin Color (Jaundice, Pallor…)","TEXT","","No matching export column found in the same program stage/form."
"Neonatal Care Form/QYJKpoUeg9F","Progress care form for Referral Hospitals","Phototherapy value","Progress care form for Referral Hospitals :: Phototherapy value","Phototherapy value [NICU Progress Care Form]","Phototherapy value","NUMBER","","No matching export column found in the same program stage/form."
"Neonatal Care Form/QYJKpoUeg9F","Progress care form for Referral Hospitals","Exchange value","Progress care form for Referral Hospitals :: Exchange value","Exchange value [NICU Progress Care Form]","Exchange value","NUMBER","","No matching export column found in the same program stage/form."
"Neonatal Care Form/QYJKpoUeg9F","Progress care form for Referral Hospitals","Days on phototherapy","Progress care form for Referral Hospitals :: Days on phototherapy","Days on phototherapy [NICU Progress Care Form]","Days on phototherapy","INTEGER_ZERO_OR_POSITIVE","","No matching export column found in the same program stage/form."
"Neonatal Care Form/QYJKpoUeg9F","Progress care form for Referral Hospitals","Alertness Routine reflexes","Progress care form for Referral Hospitals :: Alertness Routine reflexes","Alertness Routine reflexes [NICU Progress Care Form]","Alertness Routine reflexes","TEXT","","No matching export column found in the same program stage/form."
"Neonatal Care Form/QYJKpoUeg9F","Progress care form for Referral Hospitals","Convulsion Apnea","Progress care form for Referral Hospitals :: Convulsion Apnea","Convulsion Apnea [NICU Progress Care Form]","Convulsion Apnea","TEXT","","No matching export column found in the same program stage/form."
"Neonatal Care Form/QYJKpoUeg9F","Progress care form for Referral Hospitals","CUS(Cranial U/S)","Progress care form for Referral Hospitals :: CUS(Cranial U/S)","CUS(Cranial U/S) [NICU Progress Care Form]","CUS(Cranial U/S)","TEXT","","No matching export column found in the same program stage/form."
"Neonatal Care Form/QYJKpoUeg9F","Progress care form for Referral Hospitals","HIE Score ref prog","Progress care form for Referral Hospitals :: HIE Score ref prog","HIE Score? [NICU Progress Care Form]","HIE Score","NUMBER","","No matching export column found in the same program stage/form."
"Neonatal Care Form/QYJKpoUeg9F","Progress care form for Referral Hospitals","CPAP, LFNC, IPPV, HFOV","Progress care form for Referral Hospitals :: CPAP, LFNC, IPPV, HFOV","CPAP; LFNC; IPPV; HFOV [NICU Progress Care Form]","CPAP, LFNC, IPPV, HFOV","TEXT","","No matching export column found in the same program stage/form."
"Neonatal Care Form/QYJKpoUeg9F","Progress care form for Referral Hospitals","Examination","Progress care form for Referral Hospitals :: Examination","Examination? [NICU Progress Care Form]","Examination","TEXT","","No matching export column found in the same program stage/form."
"Neonatal Care Form/QYJKpoUeg9F","Progress care form for Referral Hospitals","BP ref prog","Progress care form for Referral Hospitals :: BP ref prog","Systolic BP [NICU Progress Care Form]","BP","TEXT","","No matching export column found in the same program stage/form."
"Neonatal Care Form/QYJKpoUeg9F","Progress care form for Referral Hospitals","Precordial exam","Progress care form for Referral Hospitals :: Precordial exam","Precordial exam [NICU Progress Care Form]","Precordial exam","TEXT","","No matching export column found in the same program stage/form."
"Neonatal Care Form/QYJKpoUeg9F","Progress care form for Referral Hospitals","Hb /date Last BT/ Transfusion cut of point","Progress care form for Referral Hospitals :: Hb /date Last BT/ Transfusion cut of point","Hb /date Last BT/ Transfusion cut of point [NICU Progress Care Form]","Hb /date Last BT/ Transfusion cut of point","TEXT","","No matching export column found in the same program stage/form."
"Neonatal Care Form/QYJKpoUeg9F","Progress care form for Referral Hospitals","Iron supplement","Progress care form for Referral Hospitals :: Iron supplement","Iron supplement [NICU Progress Care Form]","Iron supplement","TEXT","","No matching export column found in the same program stage/form."
"Neonatal Care Form/QYJKpoUeg9F","Progress care form for Referral Hospitals","NPO/Open drainage","Progress care form for Referral Hospitals :: NPO/Open drainage","NPO/Open drainage [NICU Progress Care Form]","NPO/Open drainage","TEXT","","No matching export column found in the same program stage/form."
"Neonatal Care Form/QYJKpoUeg9F","Progress care form for Referral Hospitals","EBM/Formula/ Fortification Bolus/Continuous","Progress care form for Referral Hospitals :: EBM/Formula/ Fortification Bolus/Continuous","EBM/Formula/ Fortification Bolus/Continuous [NICU Progress Care Form]","EBM/Formula/ Fortification Bolus/Continuous","TEXT","","No matching export column found in the same program stage/form."
"Neonatal Care Form/QYJKpoUeg9F","Progress care form for Referral Hospitals","NGT/OGT/cup/ Direct BF","Progress care form for Referral Hospitals :: NGT/OGT/cup/ Direct BF","NGT/OGT/cup/ Direct BF [NICU Progress Care Form]","NGT/OGT/cup/ Direct BF","TEXT","","No matching export column found in the same program stage/form."
"Neonatal Care Form/QYJKpoUeg9F","Progress care form for Referral Hospitals","Stool/color","Progress care form for Referral Hospitals :: Stool/color","Stool/color [NICU Progress Care Form]","Stool/color","TEXT","","No matching export column found in the same program stage/form."
"Neonatal Care Form/QYJKpoUeg9F","Progress care form for Referral Hospitals","Examination ref prog","Progress care form for Referral Hospitals :: Examination ref prog","Examination? [NICU Progress Care Form]","Examination ref prog","TEXT","","No matching export column found in the same program stage/form."
"Neonatal Care Form/QYJKpoUeg9F","Progress care form for Referral Hospitals","Wt/Na/K/RFT","Progress care form for Referral Hospitals :: Wt/Na/K/RFT","Wt/Na/K/RFT [NICU Progress Care Form]","Wt/Na/K/RFT","TEXT","","No matching export column found in the same program stage/form."
"Neonatal Care Form/QYJKpoUeg9F","Progress care form for Referral Hospitals","UOP ref prg","Progress care form for Referral Hospitals :: UOP ref prg","UOP??? [NICU Progress Care Form]","UOP","TEXT","","No matching export column found in the same program stage/form."
"Neonatal Care Form/QYJKpoUeg9F","Progress care form for Referral Hospitals","TFI/IV/Feeding","Progress care form for Referral Hospitals :: TFI/IV/Feeding","TFI/IV/Feeding [NICU Progress Care Form]","TFI/IV/Feeding","TEXT","","No matching export column found in the same program stage/form."
"Neonatal Care Form/QYJKpoUeg9F","Progress care form for Referral Hospitals","Type of Fluid","Progress care form for Referral Hospitals :: Type of Fluid","Type of Fluid [NICU Progress Care Form]","Type of Fluid","TEXT","","No matching export column found in the same program stage/form."
"Neonatal Care Form/QYJKpoUeg9F","Progress care form for Referral Hospitals","Organism","Progress care form for Referral Hospitals :: Organism","Organism [NICU Progress Care Form]","Organism","TEXT","","No matching export column found in the same program stage/form."
"Neonatal Care Form/QYJKpoUeg9F","Progress care form for Referral Hospitals","CRP","Progress care form for Referral Hospitals :: CRP","CRP [NICU Progress Care Form]","CRP","TEXT","","No matching export column found in the same program stage/form."
"Neonatal Care Form/QYJKpoUeg9F","Progress care form for Referral Hospitals","ANC","Progress care form for Referral Hospitals :: ANC","ANC? [NICU Progress Care Form]","ANC","TEXT","","No matching export column found in the same program stage/form."
"Neonatal Care Form/QYJKpoUeg9F","Progress care form for Referral Hospitals","WBC ref prog","Progress care form for Referral Hospitals :: WBC ref prog","WBC? [NICU Progress Care Form]","WBC","NUMBER","","No matching export column found in the same program stage/form."
"Neonatal Care Form/QYJKpoUeg9F","Progress care form for Referral Hospitals","PLT","Progress care form for Referral Hospitals :: PLT","PLT [NICU Progress Care Form]","PLT","NUMBER","","No matching export column found in the same program stage/form."
"Neonatal Care Form/QYJKpoUeg9F","Progress care form for Referral Hospitals","CSF","Progress care form for Referral Hospitals :: CSF","CSF [NICU Progress Care Form]","CSF","TEXT","","No matching export column found in the same program stage/form."
"Neonatal Care Form/QYJKpoUeg9F","Progress care form for Referral Hospitals","Antibiotics /Days","Progress care form for Referral Hospitals :: Antibiotics /Days","Antibiotics /Days [NICU Progress Care Form]","Antibiotics /Days","TEXT","","No matching export column found in the same program stage/form."
"Neonatal Care Form/QYJKpoUeg9F","Progress care form for Referral Hospitals","Others Medication","Progress care form for Referral Hospitals :: Others Medication","Others Medication [NICU Progress Care Form]","Others Medication","TEXT","","No matching export column found in the same program stage/form."
"Neonatal Care Form/QYJKpoUeg9F","Progress care form for Referral Hospitals","Treatment ref prog","Progress care form for Referral Hospitals :: Treatment ref prog","Treatment? [NICU Progress Care Form]","Treatment","LONG_TEXT","","No matching export column found in the same program stage/form."
"Neonatal Care Form/QYJKpoUeg9F","Progress care form for Referral Hospitals","Name and Signature ref prog","Progress care form for Referral Hospitals :: Name and Signature ref prog","Name and Signature? [NICU Progress Care Form]","Name & Signature","TEXT","","No matching export column found in the same program stage/form."
"Neonatal Care Form/QYJKpoUeg9F","Nurse followup Sheet","Date","Nurse followup Sheet :: Date","Date [Neonatal Nurse followup Sheet]","Date","DATE","","No matching export column found in the same program stage/form."
"Neonatal Care Form/QYJKpoUeg9F","Nurse followup Sheet","Current weight","Nurse followup Sheet :: Current weight","current weight [Neonatal Nurse followup Sheet]","Current weight","NUMBER","","No matching export column found in the same program stage/form."
"Neonatal Care Form/QYJKpoUeg9F","Nurse followup Sheet","Time of check","Nurse followup Sheet :: Time of check","Time of check [Neonatal Nurse followup Sheet]","Time of check","TIME","","No matching export column found in the same program stage/form."
"Neonatal Care Form/QYJKpoUeg9F","Nurse followup Sheet","IV line check","Nurse followup Sheet :: IV line check","IV line check [Neonatal Nurse followup Sheet]","IV line check","TEXT","","No matching export column found in the same program stage/form."
"Neonatal Care Form/QYJKpoUeg9F","Nurse followup Sheet","weight (Change)","Nurse followup Sheet :: weight (Change)","weight (Change) [Neonatal Nurse followup Sheet]","weight (Change)","TEXT","","No matching export column found in the same program stage/form."
"Neonatal Care Form/QYJKpoUeg9F","Nurse followup Sheet","Changed weight","Nurse followup Sheet :: Changed weight","current weight [Neonatal Nurse followup Sheet]","Changed weight","NUMBER","","No matching export column found in the same program stage/form."
"Neonatal Care Form/QYJKpoUeg9F","Nurse followup Sheet","Temperature n","Nurse followup Sheet :: Temperature n","Temperature [Neonatal Nurse followup Sheet]","Temperature","NUMBER","","No matching export column found in the same program stage/form."
"Neonatal Care Form/QYJKpoUeg9F","Nurse followup Sheet","Heart Rate","Nurse followup Sheet :: Heart Rate","Heart Rate [Neonatal Nurse followup Sheet]","Heart Rate","INTEGER_ZERO_OR_POSITIVE","","No matching export column found in the same program stage/form."
"Neonatal Care Form/QYJKpoUeg9F","Nurse followup Sheet","Respiratory Rate","Nurse followup Sheet :: Respiratory Rate","Vital Neonate Respiratory Rate [Neonatal Nurse followup Sheet]","Respiratory Rate","INTEGER_ZERO_OR_POSITIVE","","No matching export column found in the same program stage/form."
"Neonatal Care Form/QYJKpoUeg9F","Nurse followup Sheet","Downes’ Score","Nurse followup Sheet :: Downes’ Score","Downes Score [Neonatal Nurse followup Sheet]","Downes’ Score","INTEGER_ZERO_OR_POSITIVE","","No matching export column found in the same program stage/form."
"Neonatal Care Form/QYJKpoUeg9F","Nurse followup Sheet","Pain score","Nurse followup Sheet :: Pain score","Pain Score [Neonatal Nurse followup Sheet]","Pain score","TEXT","","No matching export column found in the same program stage/form."
"Neonatal Care Form/QYJKpoUeg9F","Nurse followup Sheet","Oxygen Saturation","Nurse followup Sheet :: Oxygen Saturation","SPO2 Numeric [Neonatal Nurse followup Sheet]","Oxygen Saturation","INTEGER_ZERO_OR_POSITIVE","","No matching export column found in the same program stage/form."
"Neonatal Care Form/QYJKpoUeg9F","Nurse followup Sheet","Oxygen Source","Nurse followup Sheet :: Oxygen Source","Oxygen Source [Neonatal Nurse followup Sheet]","Oxygen Source","TEXT","","No matching export column found in the same program stage/form."
"Neonatal Care Form/QYJKpoUeg9F","Nurse followup Sheet","Amount of oxygen (FiO2)","Nurse followup Sheet :: Amount of oxygen (FiO2)","Amount of oxygen (FiO2) [Neonatal Nurse followup Sheet]","Amount of oxygen (FiO2)","INTEGER_ZERO_OR_POSITIVE","","No matching export column found in the same program stage/form."
"Neonatal Care Form/QYJKpoUeg9F","Nurse followup Sheet","Lab blood draw","Nurse followup Sheet :: Lab blood draw","Lab blood draw [Neonatal Nurse followup Sheet]","Lab blood draw","TEXT","","No matching export column found in the same program stage/form."
"Neonatal Care Form/QYJKpoUeg9F","Nurse followup Sheet","Phototherapy n","Nurse followup Sheet :: Phototherapy n","Phototherapy? [Neonatal Nurse followup Sheet]","Phototherapy","TEXT","","No matching export column found in the same program stage/form."
"Neonatal Care Form/QYJKpoUeg9F","Nurse followup Sheet","Medications Given","Nurse followup Sheet :: Medications Given","Medications Given [Neonatal Nurse followup Sheet]","Medications Given","TEXT","","No matching export column found in the same program stage/form."
"Neonatal Care Form/QYJKpoUeg9F","Nurse followup Sheet","Mode of feeding","Nurse followup Sheet :: Mode of feeding","Mode of feeding [Neonatal Nurse followup Sheet]","Mode of feeding","TEXT","","No matching export column found in the same program stage/form."
"Neonatal Care Form/QYJKpoUeg9F","Nurse followup Sheet","Vomiting n","Nurse followup Sheet :: Vomiting n","Vomiting??? [Neonatal Nurse followup Sheet]","Vomiting","TEXT","","No matching export column found in the same program stage/form."
"Neonatal Care Form/QYJKpoUeg9F","Nurse followup Sheet","UOP","Nurse followup Sheet :: UOP","UOP [Neonatal Nurse followup Sheet]","UOP","TEXT","","No matching export column found in the same program stage/form."
"Neonatal Care Form/QYJKpoUeg9F","Nurse followup Sheet","Stool n","Nurse followup Sheet :: Stool n","Stool?? [Neonatal Nurse followup Sheet]","Stool","TEXT","","No matching export column found in the same program stage/form."
"Neonatal Care Form/QYJKpoUeg9F","Nurse followup Sheet","RBS","Nurse followup Sheet :: RBS","RBS [Neonatal Nurse followup Sheet]","RBS","INTEGER_ZERO_OR_POSITIVE","","No matching export column found in the same program stage/form."
"Neonatal Care Form/QYJKpoUeg9F","Nurse followup Sheet","Kmc done","Nurse followup Sheet :: Kmc done","Kmc done [Neonatal Nurse followup Sheet]","Kmc done?","TEXT","","No matching export column found in the same program stage/form."
"Neonatal Care Form/QYJKpoUeg9F","Nurse followup Sheet","Who is doing KMC(Mother/Surrogate)","Nurse followup Sheet :: Who is doing KMC(Mother/Surrogate)","Who is doing KMC(Mother/Surrogate) [Neonatal Nurse followup Sheet]","Who is doing KMC(Mother/Surrogate)","TEXT","","No matching export column found in the same program stage/form."
"Neonatal Care Form/QYJKpoUeg9F","Nurse followup Sheet","Hrs on KMC","Nurse followup Sheet :: Hrs on KMC","Hrs on KMC [Neonatal Nurse followup Sheet]","Hrs on KMC","INTEGER_ZERO_OR_POSITIVE","","No matching export column found in the same program stage/form."
"Neonatal Care Form/QYJKpoUeg9F","Nurse followup Sheet","Family Involvement","Nurse followup Sheet :: Family Involvement","Family Involvement [Neonatal Nurse followup Sheet]","Family Involvement","TEXT","","No matching export column found in the same program stage/form."
"Neonatal Care Form/QYJKpoUeg9F","Nurse followup Sheet","Blood culture","Nurse followup Sheet :: Blood culture","Culture (Blood) [Neonatal Nurse followup Sheet]","Blood culture","TEXT","","No matching export column found in the same program stage/form."
"Neonatal Care Form/QYJKpoUeg9F","Nurse followup Sheet","Organism n","Nurse followup Sheet :: Organism n","Organism? [Neonatal Nurse followup Sheet]","Organism","TEXT","","No matching export column found in the same program stage/form."
"Neonatal Care Form/QYJKpoUeg9F","Nurse followup Sheet","Sensitivity n","Nurse followup Sheet :: Sensitivity n","Sensitivity? [Neonatal Nurse followup Sheet]","Sensitivity","TEXT","","No matching export column found in the same program stage/form."
"Neonatal Care Form/QYJKpoUeg9F","Nurse followup Sheet","Remarks","Nurse followup Sheet :: Remarks","Remark [Neonatal Nurse followup Sheet]","Remarks","LONG_TEXT","","No matching export column found in the same program stage/form."
"Neonatal Care Form/QYJKpoUeg9F","Nurse followup Sheet","Nurse Initials& signature","Nurse followup Sheet :: Nurse Initials& signature","Nurse Initials& signature [Neonatal Nurse followup Sheet]","Nurse Initials& signature","TEXT","","No matching export column found in the same program stage/form."
"Neonatal Care Form/QYJKpoUeg9F","KMC ward follow up sheet","Weight (At admission to KMC ward)","KMC ward follow up sheet :: Weight (At admission to KMC ward)","Weight (At admission to KMC ward) [KMC Ward followup Sheet]","Weight (At admission to KMC ward)","INTEGER_ZERO_OR_POSITIVE","","No matching export column found in the same program stage/form."
"Neonatal Care Form/QYJKpoUeg9F","KMC ward follow up sheet","Date & Time","KMC ward follow up sheet :: Date & Time","Date & Time [KMC Ward followup Sheet]","Date & Time","DATETIME","","No matching export column found in the same program stage/form."
"Neonatal Care Form/QYJKpoUeg9F","KMC ward follow up sheet","DLT or NLT kmc followup","KMC ward follow up sheet :: DLT or NLT kmc followup","DLT or NLT kmc followup [KMC Ward followup Sheet]","DLT/NLT","TEXT","","No matching export column found in the same program stage/form."
"Neonatal Care Form/QYJKpoUeg9F","KMC ward follow up sheet","Temperature kmc f","KMC ward follow up sheet :: Temperature kmc f","Temperature? [KMC Ward followup Sheet]","Temperature","NUMBER","","No matching export column found in the same program stage/form."
"Neonatal Care Form/QYJKpoUeg9F","KMC ward follow up sheet","RR kmc f","KMC ward follow up sheet :: RR kmc f","RR [KMC Ward followup Sheet]","RR","INTEGER_ZERO_OR_POSITIVE","","No matching export column found in the same program stage/form."
"Neonatal Care Form/QYJKpoUeg9F","KMC ward follow up sheet","HR kmc f","KMC ward follow up sheet :: HR kmc f","HR [KMC Ward followup Sheet]","HR","INTEGER_ZERO_OR_POSITIVE","","No matching export column found in the same program stage/form."
"Neonatal Care Form/QYJKpoUeg9F","KMC ward follow up sheet","SPO2 kmc f","KMC ward follow up sheet :: SPO2 kmc f","SPO2 [KMC Ward followup Sheet]","SPO2 (when needed)","INTEGER_ZERO_OR_POSITIVE","","No matching export column found in the same program stage/form."
"Neonatal Care Form/QYJKpoUeg9F","KMC ward follow up sheet","Danger sign present","KMC ward follow up sheet :: Danger sign present","Danger sign present [KMC Ward followup Sheet]","Danger sign present","MULTI_TEXT","","No matching export column found in the same program stage/form."
"Neonatal Care Form/QYJKpoUeg9F","KMC ward follow up sheet","Other danger sign","KMC ward follow up sheet :: Other danger sign","Other danger sign [KMC Ward followup Sheet]","Other danger sign","TEXT","","No matching export column found in the same program stage/form."
"Neonatal Care Form/QYJKpoUeg9F","KMC ward follow up sheet","Convulsion","KMC ward follow up sheet :: Convulsion","Convulsion? [KMC Ward followup Sheet]","Convulsion","TEXT","","No matching export column found in the same program stage/form."
"Neonatal Care Form/QYJKpoUeg9F","KMC ward follow up sheet","Floppy or stiff","KMC ward follow up sheet :: Floppy or stiff","Floppy or stiff [KMC Ward followup Sheet]","Floppy or stiff","TEXT","","No matching export column found in the same program stage/form."
"Neonatal Care Form/QYJKpoUeg9F","KMC ward follow up sheet","Fever ≥37.5","KMC ward follow up sheet :: Fever ≥37.5","Fever >=37.5 [KMC Ward followup Sheet]","Fever ≥37.5","TEXT","","No matching export column found in the same program stage/form."
"Neonatal Care Form/QYJKpoUeg9F","KMC ward follow up sheet","Temperature < 36.5 or not raising after warming","KMC ward follow up sheet :: Temperature < 36.5 or not raising after warming","Temperature < 36.5 or not raising after warming [KMC Ward followup Sheet]","Temperature < 36.5 or not raising after warming","TEXT","","No matching export column found in the same program stage/form."
"Neonatal Care Form/QYJKpoUeg9F","KMC ward follow up sheet","Umbilicus draining pus","KMC ward follow up sheet :: Umbilicus draining pus","Umbilicus draining pus [KMC Ward followup Sheet]","Umbilicus draining pus","TEXT","","No matching export column found in the same program stage/form."
"Neonatal Care Form/QYJKpoUeg9F","KMC ward follow up sheet","Bleeding from the stamp or cut","KMC ward follow up sheet :: Bleeding from the stamp or cut","Bleeding from the stamp or cut [KMC Ward followup Sheet]","Bleeding from the stamp or cut","TEXT","","No matching export column found in the same program stage/form."
"Neonatal Care Form/QYJKpoUeg9F","KMC ward follow up sheet","Pallor","KMC ward follow up sheet :: Pallor","Presence of Pallor [KMC Ward followup Sheet]","Pallor","TEXT","","No matching export column found in the same program stage/form."
"Neonatal Care Form/QYJKpoUeg9F","KMC ward follow up sheet","Jaundice kmc f","KMC ward follow up sheet :: Jaundice kmc f","Jaundice? [KMC Ward followup Sheet]","Jaundice","TEXT","","No matching export column found in the same program stage/form."
"Neonatal Care Form/QYJKpoUeg9F","KMC ward follow up sheet","Feeding intolerance","KMC ward follow up sheet :: Feeding intolerance","Feeding intolerance [KMC Ward followup Sheet]","Feeding intolerance","TEXT","","No matching export column found in the same program stage/form."
"Neonatal Care Form/QYJKpoUeg9F","KMC ward follow up sheet","Type of feed","KMC ward follow up sheet :: Type of feed","Type of feed [KMC Ward followup Sheet]","Type of feed","TEXT","","No matching export column found in the same program stage/form."
"Neonatal Care Form/QYJKpoUeg9F","KMC ward follow up sheet","Mode of feeding kmc","KMC ward follow up sheet :: Mode of feeding kmc","Mode of feeding? [KMC Ward followup Sheet]","Mode of feeding kmc","TEXT","","No matching export column found in the same program stage/form."
"Neonatal Care Form/QYJKpoUeg9F","KMC ward follow up sheet","Supplement kmc f","KMC ward follow up sheet :: Supplement kmc f","Supplement [KMC Ward followup Sheet]","Supplement","MULTI_TEXT","","No matching export column found in the same program stage/form."
"Neonatal Care Form/QYJKpoUeg9F","KMC ward follow up sheet","Vomiting kmc f","KMC ward follow up sheet :: Vomiting kmc f","Vomiting? [KMC Ward followup Sheet]","Vomiting","TEXT","","No matching export column found in the same program stage/form."
"Neonatal Care Form/QYJKpoUeg9F","KMC ward follow up sheet","Abdominal Distension","KMC ward follow up sheet :: Abdominal Distension","Abdominal distension [KMC Ward followup Sheet]","Abdominal Distension","TEXT","","No matching export column found in the same program stage/form."
"Neonatal Care Form/QYJKpoUeg9F","KMC ward follow up sheet","Stool kmc f","KMC ward follow up sheet :: Stool kmc f","Stool? [KMC Ward followup Sheet]","Stool","TEXT","","No matching export column found in the same program stage/form."
"Neonatal Care Form/QYJKpoUeg9F","KMC ward follow up sheet","Stool color","KMC ward follow up sheet :: Stool color","Stool color [KMC Ward followup Sheet]","Stool color","TEXT","","No matching export column found in the same program stage/form."
"Neonatal Care Form/QYJKpoUeg9F","KMC ward follow up sheet","Urine","KMC ward follow up sheet :: Urine","Urine exam [KMC Ward followup Sheet]","Urine","TEXT","","No matching export column found in the same program stage/form."
"Neonatal Care Form/QYJKpoUeg9F","KMC ward follow up sheet","Number of wet diaper","KMC ward follow up sheet :: Number of wet diaper","Number of wet diaper [KMC Ward followup Sheet]","Number of wet diaper","INTEGER_ZERO_OR_POSITIVE","","No matching export column found in the same program stage/form."
"Neonatal Care Form/QYJKpoUeg9F","KMC ward follow up sheet","Hours on KMC/every 6hours","KMC ward follow up sheet :: Hours on KMC/every 6hours","Hours on KMC/every 6hours [KMC Ward followup Sheet]","Hours on KMC/every 6hours","INTEGER_ZERO_OR_POSITIVE","","No matching export column found in the same program stage/form."
"Neonatal Care Form/QYJKpoUeg9F","KMC ward follow up sheet","Total KMC hours/day","KMC ward follow up sheet :: Total KMC hours/day","Total KMC hours/day [KMC Ward followup Sheet]","Total KMC hours/day","INTEGER_ZERO_OR_POSITIVE","","No matching export column found in the same program stage/form."
"Neonatal Care Form/QYJKpoUeg9F","KMC ward follow up sheet","Weight kmc","KMC ward follow up sheet :: Weight kmc","Weight?? [KMC Ward followup Sheet]","Weight","NUMBER","","No matching export column found in the same program stage/form."
"Neonatal Care Form/QYJKpoUeg9F","KMC ward follow up sheet","Gain in gm/kg/day","KMC ward follow up sheet :: Gain in gm/kg/day","Gain in gm/kg/day [KMC Ward followup Sheet]","Gain in gm/kg/day","INTEGER_ZERO_OR_POSITIVE","","No matching export column found in the same program stage/form."
"Neonatal Care Form/QYJKpoUeg9F","KMC ward follow up sheet","Head circumference(Weekly)","KMC ward follow up sheet :: Head circumference(Weekly)","Head circumference(Weekly) [KMC Ward followup Sheet]","Head circumference(Weekly)","NUMBER","","No matching export column found in the same program stage/form."
"Neonatal Care Form/QYJKpoUeg9F","KMC ward follow up sheet","Vaccination","KMC ward follow up sheet :: Vaccination","Vaccination [KMC Ward followup Sheet]","Vaccination","TEXT","","No matching export column found in the same program stage/form."
"Neonatal Care Form/QYJKpoUeg9F","KMC ward follow up sheet","Family planning","KMC ward follow up sheet :: Family planning","Family planning [KMC Ward followup Sheet]","Family planning","TEXT","","No matching export column found in the same program stage/form."
"Neonatal Care Form/QYJKpoUeg9F","KMC ward follow up sheet","Assessment kmc","KMC ward follow up sheet :: Assessment kmc","Assessment? [KMC Ward followup Sheet]","Assessment","LONG_TEXT","","No matching export column found in the same program stage/form."
"Neonatal Care Form/QYJKpoUeg9F","KMC ward follow up sheet","Plan kmc","KMC ward follow up sheet :: Plan kmc","Plan? [KMC Ward followup Sheet]","Plan kmc","LONG_TEXT","","No matching export column found in the same program stage/form."
"Neonatal Care Form/QYJKpoUeg9F","Neonatal referral form","Intra/Inter facility transfer","Neonatal referral form :: Intra/Inter facility transfer","Intra/Inter facility transfer [Neonatal Referra Form]","Intra/Inter facility transfer","TEXT","","No matching export column found in the same program stage/form."
"Neonatal Care Form/QYJKpoUeg9F","Neonatal referral form","Transferred to","Neonatal referral form :: Transferred to","Transferred to [Neonatal Referra Form]","Transferred to","TEXT","","No matching export column found in the same program stage/form."
"Neonatal Care Form/QYJKpoUeg9F","Neonatal referral form","Name of Referring Facility","Neonatal referral form :: Name of Referring Facility","Name of Referring Facility [Neonatal Referra Form]","Name of Referring Facility","TEXT","","No matching export column found in the same program stage/form."
"Neonatal Care Form/QYJKpoUeg9F","Neonatal referral form","Date of referral","Neonatal referral form :: Date of referral","Date of Referral [Neonatal Referra Form]","Date of referral","DATE","","No matching export column found in the same program stage/form."
"Neonatal Care Form/QYJKpoUeg9F","Neonatal referral form","Labour n","Neonatal referral form :: Labour n","Labour? [Neonatal Referra Form]","Labour","TEXT","","No matching export column found in the same program stage/form."
"Neonatal Care Form/QYJKpoUeg9F","Neonatal referral form","Duration n","Neonatal referral form :: Duration n","Duration [Neonatal Referra Form]","Duration","INTEGER_ZERO_OR_POSITIVE","","No matching export column found in the same program stage/form."
"Neonatal Care Form/QYJKpoUeg9F","Neonatal referral form","Duration of ROM","Neonatal referral form :: Duration of ROM","Duration of ROM [Neonatal Referra Form]","Duration of ROM","INTEGER_ZERO_OR_POSITIVE","","No matching export column found in the same program stage/form."
"Neonatal Care Form/QYJKpoUeg9F","Neonatal referral form","Delivery n","Neonatal referral form :: Delivery n","Delivery? [Neonatal Referra Form]","Delivery","TEXT","","No matching export column found in the same program stage/form."
"Neonatal Care Form/QYJKpoUeg9F","Neonatal referral form","Indication n","Neonatal referral form :: Indication n","Indication?? [Neonatal Referra Form]","Indication","TEXT","","No matching export column found in the same program stage/form."
"Neonatal Care Form/QYJKpoUeg9F","Neonatal referral form","Delayed Cord clamping done","Neonatal referral form :: Delayed Cord clamping done","Delayed Cord clamping done [Neonatal Referra Form]","Delayed Cord clamping done","TEXT","","No matching export column found in the same program stage/form."
"Neonatal Care Form/QYJKpoUeg9F","Neonatal referral form","APGAR score: 1st min","Neonatal referral form :: APGAR score: 1st min","APGAR score: 1st min [Neonatal Referra Form]","APGAR score: 1st min","INTEGER_ZERO_OR_POSITIVE","","No matching export column found in the same program stage/form."
"Neonatal Care Form/QYJKpoUeg9F","Neonatal referral form","APGAR score: 5th min","Neonatal referral form :: APGAR score: 5th min","APGAR score: 5th min [Neonatal Referra Form]","APGAR score: 5th min","INTEGER_ZERO_OR_POSITIVE","","No matching export column found in the same program stage/form."
"Neonatal Care Form/QYJKpoUeg9F","Neonatal referral form","APGAR score: 10th min","Neonatal referral form :: APGAR score: 10th min","APGAR score: 10th min [Neonatal Referra Form]","APGAR score: 10th min","INTEGER_ZERO_OR_POSITIVE","","No matching export column found in the same program stage/form."
"Neonatal Care Form/QYJKpoUeg9F","Neonatal referral form","APGAR score: 20th min","Neonatal referral form :: APGAR score: 20th min","APGAR score: 20th min [Neonatal Referra Form]","APGAR score: 20th min","INTEGER_ZERO_OR_POSITIVE","","No matching export column found in the same program stage/form."
"Neonatal Care Form/QYJKpoUeg9F","Neonatal referral form","Delivery attended by provider trained on HBB/ neonatal resuscitation","Neonatal referral form :: Delivery attended by provider trained on HBB/ neonatal resuscitation","Delivery attended by provider trained on HBB/ neonatal resuscitation [Neonatal Referra Form]","Delivery attended by provider trained on HBB/ neonatal resuscitation?","TEXT","","No matching export column found in the same program stage/form."
"Neonatal Care Form/QYJKpoUeg9F","Neonatal referral form","Baby dried thoroughly at birth","Neonatal referral form :: Baby dried thoroughly at birth","Baby dried thoroughly at birth [Neonatal Referra Form]","Baby dried thoroughly at birth","TEXT","","No matching export column found in the same program stage/form."
"Neonatal Care Form/QYJKpoUeg9F","Neonatal referral form","Baby placed in iKMC","Neonatal referral form :: Baby placed in iKMC","Baby placed in iKMC [Neonatal Referra Form]","Baby placed in iKMC","TEXT","","No matching export column found in the same program stage/form."
"Neonatal Care Form/QYJKpoUeg9F","Neonatal referral form","Baby placed in plastic bag","Neonatal referral form :: Baby placed in plastic bag","Baby placed in plastic bag [Neonatal Referra Form]","Baby placed in plastic bag","TEXT","","No matching export column found in the same program stage/form."
"Neonatal Care Form/QYJKpoUeg9F","Neonatal referral form","Baby placed skin to skin at birth","Neonatal referral form :: Baby placed skin to skin at birth","Baby placed skin to skin at birth [Neonatal Referra Form]","Baby placed skin to skin at birth","TEXT","","No matching export column found in the same program stage/form."
"Neonatal Care Form/QYJKpoUeg9F","Neonatal referral form","Baby placed on CPAP","Neonatal referral form :: Baby placed on CPAP","Baby placed on CPAP [Neonatal Referra Form]","Baby placed on CPAP","TEXT","","No matching export column found in the same program stage/form."
"Neonatal Care Form/QYJKpoUeg9F","Neonatal referral form","Meconium sucked from oropharynx","Neonatal referral form :: Meconium sucked from oropharynx","Meconium sucked from oropharynx [Neonatal Referra Form]","Meconium sucked from oropharynx","TEXT","","No matching export column found in the same program stage/form."
"Neonatal Care Form/QYJKpoUeg9F","Neonatal referral form","Neonatal resuscitation done","Neonatal referral form :: Neonatal resuscitation done","Neonatal resuscitation done [Neonatal Referra Form]","Neonatal resuscitation done","TEXT","","No matching export column found in the same program stage/form."
"Neonatal Care Form/QYJKpoUeg9F","Neonatal referral form","If done tick what was done","Neonatal referral form :: If done tick what was done","If done tick what was done [Neonatal Referra Form]","If done tick what was done","MULTI_TEXT","","No matching export column found in the same program stage/form."
"Neonatal Care Form/QYJKpoUeg9F","Neonatal referral form","Epinephrine doses","Neonatal referral form :: Epinephrine doses","Epinephrine doses [Neonatal Referra Form]","Epinephrine doses","NUMBER","","No matching export column found in the same program stage/form."
"Neonatal Care Form/QYJKpoUeg9F","Neonatal referral form","Fluid administered","Neonatal referral form :: Fluid administered","Operative Notes; Fluid Administered [Neonatal Referra Form]","Fluid administered","TEXT","","No matching export column found in the same program stage/form."
"Neonatal Care Form/QYJKpoUeg9F","Neonatal referral form","Duration of resuscitation","Neonatal referral form :: Duration of resuscitation","Duration of resuscitation [Neonatal Referra Form]","Duration of resuscitation","NUMBER","","No matching export column found in the same program stage/form."
"Neonatal Care Form/QYJKpoUeg9F","Neonatal referral form","Bag and Mask","Neonatal referral form :: Bag and Mask","Bag and Mask [Neonatal Referra Form]","Bag and Mask","TEXT","","No matching export column found in the same program stage/form."
"Neonatal Care Form/QYJKpoUeg9F","Neonatal referral form","Chest compression","Neonatal referral form :: Chest compression","Chest compression [Neonatal Referra Form]","Chest compression","TEXT","","No matching export column found in the same program stage/form."
"Neonatal Care Form/QYJKpoUeg9F","Neonatal referral form","Vitamin K given","Neonatal referral form :: Vitamin K given","VITAMIN K GIVEN [Neonatal Referra Form]","Vitamin K given","TEXT","","No matching export column found in the same program stage/form."
"Neonatal Care Form/QYJKpoUeg9F","Neonatal referral form","TTC Eye prophylaxis given","Neonatal referral form :: TTC Eye prophylaxis given","TTC Eye prophylaxis given [Neonatal Referra Form]","TTC Eye prophylaxis given","TEXT","","No matching export column found in the same program stage/form."
"Neonatal Care Form/QYJKpoUeg9F","Neonatal referral form","Chlorhexdine 4%","Neonatal referral form :: Chlorhexdine 4%","Chlorhexdine 4% [Neonatal Referra Form]","Chlorhexdine 4%","TEXT","","No matching export column found in the same program stage/form."
"Neonatal Care Form/QYJKpoUeg9F","Neonatal referral form","Feeding initiated","Neonatal referral form :: Feeding initiated","Feeding initiated [Neonatal Referra Form]","Feeding initiated","TEXT","","No matching export column found in the same program stage/form."
"Neonatal Care Form/QYJKpoUeg9F","Neonatal referral form","Other treatment given","Neonatal referral form :: Other treatment given","Other treatment given [Neonatal Referra Form]","Other treatment given","TEXT","","No matching export column found in the same program stage/form."
"Neonatal Care Form/QYJKpoUeg9F","Neonatal referral form","Investigation result","Neonatal referral form :: Investigation result","Investigation result [Neonatal Referra Form]","Investigation result","TEXT","","No matching export column found in the same program stage/form."
"Neonatal Care Form/QYJKpoUeg9F","Neonatal referral form","Reason for NICU referral","Neonatal referral form :: Reason for NICU referral","Reason for NICU referral [Neonatal Referra Form]","Reason for NICU referral","TEXT","","No matching export column found in the same program stage/form."
"Neonatal Care Form/QYJKpoUeg9F","Neonatal referral form","Vital signs on referral Temp (c)","Neonatal referral form :: Vital signs on referral Temp (c)","Vital signs on referral Temp (c) [Neonatal Referra Form]","Vital signs on referral Temp (c)","NUMBER","","No matching export column found in the same program stage/form."
"Neonatal Care Form/QYJKpoUeg9F","Neonatal referral form","Vital signs on referral HR","Neonatal referral form :: Vital signs on referral HR","Vital signs on referral HR [Neonatal Referra Form]","Vital signs on referral HR","INTEGER_ZERO_OR_POSITIVE","","No matching export column found in the same program stage/form."
"Neonatal Care Form/QYJKpoUeg9F","Neonatal referral form","Vital signs on referral RR","Neonatal referral form :: Vital signs on referral RR","Vital signs on referral RR [Neonatal Referra Form]","Vital signs on referral RR","INTEGER_ZERO_OR_POSITIVE","","No matching export column found in the same program stage/form."
"Neonatal Care Form/QYJKpoUeg9F","Neonatal referral form","Vital signs on referral Saturation","Neonatal referral form :: Vital signs on referral Saturation","Vital signs on referral Saturation [Neonatal Referra Form]","Vital signs on referral Saturation","NUMBER","","No matching export column found in the same program stage/form."
"Neonatal Care Form/QYJKpoUeg9F","Neonatal referral form","Name of clinician","Neonatal referral form :: Name of clinician","Name of clinician [Neonatal Referra Form]","Name of clinician","TEXT","","No matching export column found in the same program stage/form."
"Neonatal Care Form/QYJKpoUeg9F","Neonatal referral form","Singleton-Multiple","Neonatal referral form :: Singleton-Multiple","Singleton-Multiple [Neonatal Referra Form]","Singleton-Multiple","TEXT","","No matching export column found in the same program stage/form."
"Neonatal Care Form/QYJKpoUeg9F","Neonatal referral form","Maternal MRN n","Neonatal referral form :: Maternal MRN n","Maternal MRN [Neonatal Referra Form]","Maternal MRN","INTEGER_ZERO_OR_POSITIVE","","No matching export column found in the same program stage/form."
"Neonatal Care Form/QYJKpoUeg9F","Neonatal referral form","Maternal Age n","Neonatal referral form :: Maternal Age n","Maternal Age [Neonatal Referra Form]","Maternal Age","INTEGER_ZERO_OR_POSITIVE","","No matching export column found in the same program stage/form."
"Neonatal Care Form/QYJKpoUeg9F","Neonatal referral form","Para ref","Neonatal referral form :: Para ref","Para? [Neonatal Referra Form]","Para","INTEGER_ZERO_OR_POSITIVE","","No matching export column found in the same program stage/form."
"Neonatal Care Form/QYJKpoUeg9F","Neonatal referral form","Abortion (Induced) ref","Neonatal referral form :: Abortion (Induced) ref","Abortion (Induced) [Neonatal Referra Form]","Abortion (Induced)","INTEGER_ZERO_OR_POSITIVE","","No matching export column found in the same program stage/form."
"Neonatal Care Form/QYJKpoUeg9F","Neonatal referral form","Abortion (Spontaneous) ref","Neonatal referral form :: Abortion (Spontaneous) ref","Abortion (Spontaneous)? [Neonatal Referra Form]","Abortion (Spontaneous)","INTEGER_ZERO_OR_POSITIVE","","No matching export column found in the same program stage/form."
"Neonatal Care Form/QYJKpoUeg9F","Neonatal referral form","Stillbirth ref","Neonatal referral form :: Stillbirth ref","Stillbirth?? [Neonatal Referra Form]","Stillbirth","INTEGER_ZERO_OR_POSITIVE","","No matching export column found in the same program stage/form."
"Neonatal Care Form/QYJKpoUeg9F","Neonatal referral form","Early Neonatal death ref","Neonatal referral form :: Early Neonatal death ref","Early Neonatal death [Neonatal Referra Form]","Early Neonatal death","INTEGER_ZERO_OR_POSITIVE","","No matching export column found in the same program stage/form."
"Neonatal Care Form/QYJKpoUeg9F","Neonatal referral form","LNMP ref","Neonatal referral form :: LNMP ref","LNMP? [Neonatal Referra Form]","LNMP","DATE","","No matching export column found in the same program stage/form."
"Neonatal Care Form/QYJKpoUeg9F","Neonatal referral form","Gestational age (weeks) ref","Neonatal referral form :: Gestational age (weeks) ref","Gestational age (weeks) [Neonatal Referra Form]","Gestational age (weeks)","INTEGER_ZERO_OR_POSITIVE","","No matching export column found in the same program stage/form."
"Neonatal Care Form/QYJKpoUeg9F","Neonatal referral form","Gestational age (days) ref","Neonatal referral form :: Gestational age (days) ref","Gestational age (days) [Neonatal Referra Form]","Gestational age (days)","INTEGER_ZERO_OR_POSITIVE","","No matching export column found in the same program stage/form."
"Neonatal Care Form/QYJKpoUeg9F","Neonatal referral form","Estimated by: Obstetric Ultrasound ref","Neonatal referral form :: Estimated by: Obstetric Ultrasound ref","Estimated by: Obstetric Ultrasound [Neonatal Referra Form]","Estimated by: Obstetric Ultrasound","TEXT","","No matching export column found in the same program stage/form."
"Neonatal Care Form/QYJKpoUeg9F","Neonatal referral form","LNMP uts ref","Neonatal referral form :: LNMP uts ref","LNMP uts [Neonatal Referra Form]","LNMP","TEXT","","No matching export column found in the same program stage/form."
"Neonatal Care Form/QYJKpoUeg9F","Neonatal referral form","Fundal height ref","Neonatal referral form :: Fundal height ref","Fundal height?? [Neonatal Referra Form]","Fundal height","TEXT","","No matching export column found in the same program stage/form."
"Neonatal Care Form/QYJKpoUeg9F","Neonatal referral form","Ballard Score ref","Neonatal referral form :: Ballard Score ref","Ballard Score? [Neonatal Referra Form]","Ballard Score","TEXT","","No matching export column found in the same program stage/form."
"Neonatal Care Form/QYJKpoUeg9F","Neonatal referral form","ANC Visit ref","Neonatal referral form :: ANC Visit ref","ANC Visit? [Neonatal Referra Form]","ANC Visit","TEXT","","No matching export column found in the same program stage/form."
"Neonatal Care Form/QYJKpoUeg9F","Neonatal referral form","place of ANC follow up ref","Neonatal referral form :: place of ANC follow up ref","place of ANC follow up? [Neonatal Referra Form]","place of ANC follow up","TEXT","","No matching export column found in the same program stage/form."
"Neonatal Care Form/QYJKpoUeg9F","Neonatal referral form","If yes, number of doses ref","Neonatal referral form :: If yes, number of doses ref","If yes; number of doses [Neonatal Referra Form]","If yes, number of doses","INTEGER_ZERO_OR_POSITIVE","","No matching export column found in the same program stage/form."
"Neonatal Care Form/QYJKpoUeg9F","Neonatal referral form","Mother PICT ref","Neonatal referral form :: Mother PICT ref","Mother PICT [Neonatal Referra Form]","Mother PICT","TEXT","","No matching export column found in the same program stage/form."
"Neonatal Care Form/QYJKpoUeg9F","Neonatal referral form","If yes, on HAART ref","Neonatal referral form :: If yes, on HAART ref","If yes; on HAART [Neonatal Referra Form]","If yes, on HAART","TEXT","","No matching export column found in the same program stage/form."
"Neonatal Care Form/QYJKpoUeg9F","Neonatal referral form","If yes Duration ref","Neonatal referral form :: If yes Duration ref","If yes Duration [Neonatal Referra Form]","If yes Duration","INTEGER_ZERO_OR_POSITIVE","","No matching export column found in the same program stage/form."
"Neonatal Care Form/QYJKpoUeg9F","Neonatal referral form","ARV drugs ref","Neonatal referral form :: ARV drugs ref","ARV drugs [Neonatal Referra Form]","ARV drugs","TEXT","","No matching export column found in the same program stage/form."
"Neonatal Care Form/QYJKpoUeg9F","Neonatal referral form","CD4/date ref","Neonatal referral form :: CD4/date ref","CD4/date [Neonatal Referra Form]","CD4/date","DATE","","No matching export column found in the same program stage/form."
"Neonatal Care Form/QYJKpoUeg9F","Neonatal referral form","Infant prophylaxis started ref","Neonatal referral form :: Infant prophylaxis started ref","Infant prophylaxis started [Neonatal Referra Form]","Infant prophylaxis started","TEXT","","No matching export column found in the same program stage/form."
"Neonatal Care Form/QYJKpoUeg9F","Neonatal referral form","HBsAg ref","Neonatal referral form :: HBsAg ref","HBsAg? [Neonatal Referra Form]","HBsAg","TEXT","","No matching export column found in the same program stage/form."
"Neonatal Care Form/QYJKpoUeg9F","Neonatal referral form","Blood group done ref","Neonatal referral form :: Blood group done ref","Blood group done [Neonatal Referra Form]","Blood group done","TEXT","","No matching export column found in the same program stage/form."
"Neonatal Care Form/QYJKpoUeg9F","Neonatal referral form","RH ref","Neonatal referral form :: RH ref","RH? [Neonatal Referra Form]","RH","TEXT","","No matching export column found in the same program stage/form."
"Neonatal Care Form/QYJKpoUeg9F","Neonatal referral form","COOMB’S test ref","Neonatal referral form :: COOMB’S test ref","COOMBS test [Neonatal Referra Form]","COOMB’S test","TEXT","","No matching export column found in the same program stage/form."
"Neonatal Care Form/QYJKpoUeg9F","Neonatal referral form","Anti D given ref","Neonatal referral form :: Anti D given ref","Anti D given [Neonatal Referra Form]","Anti D given","TEXT","","No matching export column found in the same program stage/form."
"Neonatal Care Form/QYJKpoUeg9F","Neonatal referral form","VDRL ref","Neonatal referral form :: VDRL ref","VDRL? [Neonatal Referra Form]","VDRL","TEXT","","No matching export column found in the same program stage/form."
"Neonatal Care Form/QYJKpoUeg9F","Neonatal referral form","VDRL Treatment ref","Neonatal referral form :: VDRL Treatment ref","VDRL Treatment [Neonatal Referra Form]","VDRL Treatment","TEXT","","No matching export column found in the same program stage/form."
"Neonatal Care Form/QYJKpoUeg9F","Neonatal referral form","date completed ref","Neonatal referral form :: date completed ref","date completed [Neonatal Referra Form]","date completed","DATE","","No matching export column found in the same program stage/form."
"Neonatal Care Form/QYJKpoUeg9F","Neonatal referral form","Pregnancy related maternal problem ref","Neonatal referral form :: Pregnancy related maternal problem ref","Pregnancy related maternal problem [Neonatal Referra Form]","Pregnancy related maternal problem","TEXT","","No matching export column found in the same program stage/form."
"Neonatal Care Form/QYJKpoUeg9F","Neonatal referral form","TT vaccine ref","Neonatal referral form :: TT vaccine ref","TT vaccine? [Neonatal Referra Form]","TT vaccine","TEXT","","No matching export column found in the same program stage/form."
"Neonatal Care Form/QYJKpoUeg9F","Discharge care form","Date and time of discharge","Discharge care form :: Date and time of discharge","Date of Discharge [Neonatal discharge form]","Date and time of discharge","DATETIME","","No matching export column found in the same program stage/form."
"Neonatal Care Form/QYJKpoUeg9F","Discharge care form","Age at discharge","Discharge care form :: Age at discharge","age at discharge [Neonatal discharge form]","Age at discharge","INTEGER_ZERO_OR_POSITIVE","","No matching export column found in the same program stage/form."
"Neonatal Care Form/QYJKpoUeg9F","Discharge care form","GA n","Discharge care form :: GA n","corrected gestational age at discharge [Neonatal discharge form]","GA","INTEGER_ZERO_OR_POSITIVE","","No matching export column found in the same program stage/form."
"Neonatal Care Form/QYJKpoUeg9F","Discharge care form","Corrected GA at discharges","Discharge care form :: Corrected GA at discharges","corrected gestational age at discharge [Neonatal discharge form]","Corrected GA at discharges","INTEGER_ZERO_OR_POSITIVE","","No matching export column found in the same program stage/form."
"Neonatal Care Form/QYJKpoUeg9F","Discharge care form","Weight on discharge","Discharge care form :: Weight on discharge","Weight [Neonatal discharge form]","Weight on discharge","NUMBER","","No matching export column found in the same program stage/form."
"Neonatal Care Form/QYJKpoUeg9F","Discharge care form","HC on discharge","Discharge care form :: HC on discharge","Head Circumference [Neonatal discharge form]","HC on discharge","TEXT","","No matching export column found in the same program stage/form."
"Neonatal Care Form/QYJKpoUeg9F","Discharge care form","Length on discharge","Discharge care form :: Length on discharge","Length [Neonatal discharge form]","Length on discharge","TEXT","","No matching export column found in the same program stage/form."
"Neonatal Care Form/QYJKpoUeg9F","Discharge care form","List of diagnosis","Discharge care form :: List of diagnosis","Discharge Diagnosis [Neonatal discharge form]","List of diagnosis","LONG_TEXT","","No matching export column found in the same program stage/form."
"Neonatal Care Form/QYJKpoUeg9F","Discharge care form","Any significant maternal and birth history","Discharge care form :: Any significant maternal and birth history","Any significant maternal and birth history [Neonatal discharge form]","Any significant maternal and birth history","LONG_TEXT","","No matching export column found in the same program stage/form."
"Neonatal Care Form/QYJKpoUeg9F","Discharge care form","Investigations done and result","Discharge care form :: Investigations done and result","Investigation Notes [Neonatal discharge form]","Investigations done and result","LONG_TEXT","","No matching export column found in the same program stage/form."
"Neonatal Care Form/QYJKpoUeg9F","Discharge care form","Pertinent Physical examination finding at discharge","Discharge care form :: Pertinent Physical examination finding at discharge","Physical examination finding at discharge [Neonatal discharge form]","Pertinent physical examination finding at discharge","LONG_TEXT","","No matching export column found in the same program stage/form."
"Neonatal Care Form/QYJKpoUeg9F","Discharge care form","Advice given on discharge","Discharge care form :: Advice given on discharge","plan and advice [Neonatal discharge form]","Advice given on discharge","LONG_TEXT","","No matching export column found in the same program stage/form."
"Neonatal Care Form/QYJKpoUeg9F","Discharge care form","Type of feeding on discharge","Discharge care form :: Type of feeding on discharge","types of feeding on discharge [Neonatal discharge form]","Type of feeding on discharge","TEXT","","No matching export column found in the same program stage/form."
"Neonatal Care Form/QYJKpoUeg9F","Discharge care form","Vaccinations type given","Discharge care form :: Vaccinations type given","Vaccinations type given [Neonatal discharge form]","Vaccinations type given","TEXT","","No matching export column found in the same program stage/form."
"Neonatal Care Form/QYJKpoUeg9F","Discharge care form","Reason for follow up","Discharge care form :: Reason for follow up","Reason for follow up [Neonatal discharge form]","Reason for follow up","LONG_TEXT","","No matching export column found in the same program stage/form."
"Neonatal Care Form/QYJKpoUeg9F","Discharge care form","Place of follow up","Discharge care form :: Place of follow up","Place of follow up [Neonatal discharge form]","Place of follow up","TEXT","","No matching export column found in the same program stage/form."
"Neonatal Care Form/QYJKpoUeg9F","Discharge care form","what was done to prevent death","Discharge care form :: what was done to prevent death","what was done to prevent death [Neonatal discharge form]","what was done to prevent death","TEXT","","No matching export column found in the same program stage/form."
"Neonatal Care Form/QYJKpoUeg9F","Discharge care form","Name of physician dis","Discharge care form :: Name of physician dis","Name of physician dis [Neonatal discharge form]","Name of physician","TEXT","","No matching export column found in the same program stage/form."
"Neonatal Care Form/QYJKpoUeg9F","Discharge care form","PR n dis","Discharge care form :: PR n dis","Pulse rate [Neonatal discharge form]","PR","NUMBER","","No matching export column found in the same program stage/form."
"Neonatal Care Form/QYJKpoUeg9F","Discharge care form","RR n dis","Discharge care form :: RR n dis","Respiratory Rate [Neonatal discharge form]","RR","INTEGER_ZERO_OR_POSITIVE","","No matching export column found in the same program stage/form."
"Neonatal Care Form/QYJKpoUeg9F","Discharge care form","Temp n dis","Discharge care form :: Temp n dis","Temperature [Neonatal discharge form]","Temp","NUMBER","","No matching export column found in the same program stage/form."
"Neonatal Care Form/QYJKpoUeg9F","Discharge care form","Sao2 n dis","Discharge care form :: Sao2 n dis","Oxygen Saturation [Neonatal discharge form]","Sao2","NUMBER","","No matching export column found in the same program stage/form."
"Neonatal Care Form/QYJKpoUeg9F","Discharge care form","Newborn status at discharge n","Discharge care form :: Newborn status at discharge n","Newborn status at discharge? [Neonatal discharge form]","Newborn status at discharge","TEXT","","No matching export column found in the same program stage/form."
"Neonatal Care Form/QYJKpoUeg9F","Discharge care form","Discharge Outcome n","Discharge care form :: Discharge Outcome n","Discharge Outcome? [Neonatal discharge form]","Discharge Outcome","TEXT","","No matching export column found in the same program stage/form."
"Neonatal Care Form/QYJKpoUeg9F","Discharge care form","Final Discharge Diagnosis/Cause of Death","Discharge care form :: Final Discharge Diagnosis/Cause of Death","Final Discharge Diagnosis/Cause of Death [Neonatal discharge form]","Final Discharge Diagnosis/Cause of Death","TEXT","","No matching export column found in the same program stage/form."
"Neonatal Care Form/QYJKpoUeg9F","Discharge care form","Sub-Categories of Congenital Malformations n","Discharge care form :: Sub-Categories of Congenital Malformations n","Sub-Categories of Congenital Malformations [Neonatal discharge form]","Sub-Categories of Congenital Malformations","TEXT","","No matching export column found in the same program stage/form."
"Neonatal Care Form/QYJKpoUeg9F","Discharge care form","Sub-Categories of Infection n","Discharge care form :: Sub-Categories of Infection n","Sub-Categories of Infection n [Neonatal discharge form]","Sub-Categories of Infection","TEXT","","No matching export column found in the same program stage/form."
"Neonatal Care Form/QYJKpoUeg9F","Discharge care form","Sub-Categories of Intrapartum-Related n","Discharge care form :: Sub-Categories of Intrapartum-Related n","Sub-Categories of Intrapartum-Related n [Neonatal discharge form]","Sub-Categories of Intrapartum-Related","TEXT","","No matching export column found in the same program stage/form."
"Neonatal Care Form/QYJKpoUeg9F","Discharge care form","Sub-Categories of Jaundice (Pathological) n","Discharge care form :: Sub-Categories of Jaundice (Pathological) n","Sub-Categories of Jaundice (Pathological) n [Neonatal discharge form]","Sub-Categories of Jaundice (Pathological)","TEXT","","No matching export column found in the same program stage/form."
"Neonatal Care Form/QYJKpoUeg9F","Discharge care form","Sub-Categories of Prematurity n","Discharge care form :: Sub-Categories of Prematurity n","Sub-Categories of Prematurity n [Neonatal discharge form]","Sub-Categories of Prematurity","TEXT","","No matching export column found in the same program stage/form."
"Neonatal Care Form/QYJKpoUeg9F","Discharge care form","If Other Cause of Death or Final Diagnosis - Specify n","Discharge care form :: If Other Cause of Death or Final Diagnosis - Specify n","If Other Cause of Death or Final Diagnosis - Specify [Neonatal discharge form]","If Other Cause of Death or Final Diagnosis - Specify","TEXT","","No matching export column found in the same program stage/form."
"Neonatal Care Form/QYJKpoUeg9F","Discharge care form","If other congenital cause/diagnosis - specify n","Discharge care form :: If other congenital cause/diagnosis - specify n","If other congenital cause/diagnosis - specify n [Neonatal discharge form]","If other congenital cause/diagnosis - specify","TEXT","","No matching export column found in the same program stage/form."
"Neonatal Care Form/QYJKpoUeg9F","Discharge care form","If other infection cause/diagnosis - specify n","Discharge care form :: If other infection cause/diagnosis - specify n","If other infection cause/diagnosis - specify n [Neonatal discharge form]","If other infection cause/diagnosis - specify","TEXT","","No matching export column found in the same program stage/form."
"Neonatal Care Form/QYJKpoUeg9F","Discharge care form","If other intrapartum-related cause/diagnosis - specify n","Discharge care form :: If other intrapartum-related cause/diagnosis - specify n","If other intrapartum-related cause/diagnosis - specify n [Neonatal discharge form]","If other intrapartum-related cause/diagnosis - specify","TEXT","","No matching export column found in the same program stage/form."
"Neonatal Care Form/QYJKpoUeg9F","Discharge care form","If other prematurity cause/diagnosis - specify n","Discharge care form :: If other prematurity cause/diagnosis - specify n","If other prematurity cause/diagnosis - specify n [Neonatal discharge form]","If other prematurity cause/diagnosis - specify","TEXT","","No matching export column found in the same program stage/form."
"Neonatal Care Form/QYJKpoUeg9F","Discharge care form","If infection - is it hospital-acquired n","Discharge care form :: If infection - is it hospital-acquired n","If infection - is it hospital-acquired n [Neonatal discharge form]","If infection - is it hospital-acquired?","TEXT","","No matching export column found in the same program stage/form."
